chr,pos,ref,alt,aaref,aaalt,clnSig
1,935779,G,A,G,S,0
1,1336473,G,C,P,R,0
1,1341803,C,T,A,T,0
1,1520272,G,T,A,S,0
1,1527718,A,G,N,S,1
1,1535427,C,T,A,T,0
1,1535601,C,T,G,R,0
1,2028236,C,T,A,V,1
1,2304371,C,T,A,V,0
1,2406793,G,A,Q,X,1
1,2408833,G,C,Y,X,1
1,3823181,C,T,G,E,0
1,3826391,G,A,P,L,0
1,3829306,C,T,G,E,0
1,3829360,G,A,A,V,0
1,3829955,C,A,E,X,1
1,3836572,A,T,L,I,0
1,5867754,C,T,W,X,1
1,6130220,G,A,P,L,1
1,6135365,G,A,S,F,1
1,6445735,C,T,R,W,0
1,6449070,C,T,R,C,0
1,6470298,C,A,E,X,1
1,6471093,G,T,S,X,1
1,7663931,G,A,E,K,0
1,7665110,G,A,A,T,0
1,7738363,C,T,P,S,0
1,8358321,C,T,R,H,0
1,8358328,C,T,A,T,0
1,8358481,C,T,A,T,0
1,8358646,G,A,P,S,0
1,8361036,G,A,P,L,0
1,8362690,G,A,S,L,0
1,8365860,C,T,A,T,0
1,9263835,G,A,A,T,0
1,9264049,G,A,R,Q,0
1,9982361,A,G,N,S,1
1,10296902,C,T,R,C,0
1,10371171,C,G,P,A,0
1,10371241,G,A,R,K,0
1,10639009,G,C,P,R,0
1,10665530,C,T,A,T,0
1,11022577,A,G,N,D,1
1,11109718,C,T,G,S,0
1,11126708,T,G,N,T,0
1,11128107,G,C,T,R,1
1,11134400,C,T,A,T,0
1,11139429,C,A,A,S,1
1,11144674,G,A,R,C,0
1,11157153,A,G,W,R,1
1,11212842,T,C,I,V,0
1,11241668,T,C,M,V,0
1,11791209,T,A,K,X,1
1,11794389,A,G,L,P,1
1,11794825,C,T,R,H,1
1,11795126,G,A,R,C,1
1,11800214,G,A,A,V,1
1,11800275,C,T,A,T,1
1,11801177,G,C,I,M,1
1,11802915,G,A,R,X,1
1,11824498,A,G,E,G,0
1,11833999,T,C,F,L,0
1,11847591,C,T,V,M,0
1,11992642,T,C,I,T,1
1,11996226,C,T,H,Y,1
1,11999025,C,G,S,C,1
1,12006610,G,T,E,X,1
1,12253770,A,G,I,V,0
1,12260696,G,A,E,K,0
1,12276766,G,A,D,N,0
1,12279562,A,T,E,V,0
1,12283436,T,A,S,R,0
1,12318166,C,T,H,Y,0
1,12341800,C,T,R,C,0
1,12355976,C,T,R,X,1
1,13731019,C,T,A,V,0
1,15716271,T,C,I,T,0
1,15929748,C,T,R,X,1
1,15931807,A,G,N,S,0
1,15932307,G,A,V,M,0
1,15933318,A,G,N,D,0
1,15937527,G,C,G,A,0
1,16030006,G,A,A,T,0
1,16046585,C,A,L,I,0
1,16048352,G,A,V,M,1
1,16050975,A,G,Q,R,0
1,16050993,G,A,W,X,1
1,16051004,C,T,R,W,0
1,16051725,G,A,R,H,1
1,16969225,G,A,R,Q,0
1,17000466,C,T,W,X,1
1,17023992,C,T,G,E,1
1,17033068,C,T,C,Y,1
1,17044834,C,G,A,P,1
1,18890029,G,A,R,X,1
1,19230930,G,A,R,X,1
1,19238844,C,T,S,N,0
1,19238850,C,G,S,T,0
1,19239888,A,G,L,S,0
1,19242428,G,T,Y,X,1
1,19251508,A,C,M,R,1
1,20650446,C,T,R,X,1
1,21560674,T,C,L,P,1
1,21561118,C,T,T,M,1
1,21561127,G,A,R,H,1
1,21561129,A,G,I,V,1
1,21561138,G,A,G,S,1
1,21561162,G,T,E,X,1
1,21563115,C,A,Y,X,1
1,21563164,C,A,L,M,1
1,21563206,G,A,A,T,1
1,21563271,G,A,W,X,1
1,21564052,G,A,G,S,1
1,21564076,A,G,N,D,1
1,21564080,A,G,H,R,1
1,21564100,T,C,Y,H,1
1,21564119,G,A,R,Q,1
1,21568110,A,G,M,V,1
1,21568114,G,C,G,A,1
1,21568136,C,A,Y,X,1
1,21568162,A,G,Y,C,1
1,21570327,G,T,R,L,1
1,21573676,C,A,P,T,1
1,21573676,C,T,P,S,1
1,21573698,T,C,L,P,1
1,21573733,G,A,E,K,1
1,21573769,A,G,N,D,1
1,21573778,G,C,G,R,1
1,21573782,T,G,F,C,1
1,21573799,G,T,G,X,1
1,21575735,G,A,G,S,1
1,21575750,G,A,G,R,1
1,21575757,A,G,H,R,1
1,21575855,G,A,V,M,1
1,21575865,C,T,A,V,1
1,21575901,C,A,T,N,1
1,21575918,A,G,I,V,1
1,21576527,G,T,A,S,1
1,21576572,C,A,L,M,1
1,21576590,G,A,G,S,1
1,21576591,G,C,G,A,1
1,21576600,T,C,V,A,1
1,21576608,G,A,G,S,1
1,21576615,G,A,R,Q,1
1,21577401,C,T,A,V,1
1,21577427,G,A,E,K,1
1,21577433,C,T,H,Y,1
1,21577437,G,A,G,D,1
1,21577440,G,A,G,E,1
1,21577500,A,C,E,A,1
1,21842086,G,A,Q,X,1
1,21847697,G,A,R,X,1
1,21872757,G,A,Q,X,1
1,21887626,G,A,T,M,0
1,23795992,C,T,R,H,1
1,23810796,G,T,Y,X,1
1,23817503,G,C,S,R,1
1,23868093,C,T,G,D,1
1,24331573,C,G,D,E,0
1,25809095,G,A,G,R,1
1,25813889,C,T,R,W,1
1,26058512,T,C,K,E,0
1,26438213,C,T,R,C,1
1,26447631,G,A,W,X,1
1,26696776,G,A,G,S,0
1,26696779,G,A,G,S,0
1,26696885,T,C,V,A,0
1,26696950,G,A,A,T,0
1,26696998,C,T,Q,X,1
1,26697268,C,T,P,S,0
1,26761009,A,G,I,V,0
1,26763251,G,A,A,T,0
1,26767847,G,A,G,S,0
1,26767970,T,C,S,P,1
1,26771150,C,A,A,E,1
1,26773878,A,G,M,V,0
1,26774803,G,A,V,M,0
1,26774905,C,G,P,A,0
1,26774978,A,G,Q,R,0
1,26775106,C,G,P,A,0
1,26779347,G,A,V,I,0
1,26779395,C,T,R,C,0
1,26779513,C,T,A,V,0
1,26779617,A,T,I,F,0
1,26780229,G,A,V,I,0
1,26780607,G,A,A,T,0
1,26780683,C,T,S,L,0
1,27547513,C,T,A,T,0
1,27547624,C,T,A,T,0
1,27547787,G,C,H,Q,0
1,27548116,C,T,G,S,0
1,27548749,C,T,A,T,0
1,27548790,G,A,P,L,0
1,27549231,G,A,P,L,0
1,27549313,C,T,A,T,0
1,27549679,G,A,R,C,0
1,27549927,T,G,E,A,0
1,27550413,G,A,A,V,0
1,27550669,C,T,V,I,0
1,27551026,G,A,R,C,0
1,27551242,C,T,G,R,0
1,27551539,G,A,P,S,0
1,27551829,C,T,R,H,0
1,27551991,C,T,R,Q,0
1,29053127,C,T,R,X,1
1,29216125,A,G,F,L,0
1,30950129,T,C,I,V,0
1,31727584,G,A,R,C,0
1,32780086,T,C,I,V,0
1,34761705,C,A,R,S,0
1,35893756,G,A,G,S,1
1,35901526,A,G,Q,R,1
1,36098176,G,A,T,M,0
1,36099217,C,T,R,Q,0
1,39309631,A,G,S,G,0
1,39315586,A,T,H,L,0
1,39317341,G,T,R,L,0
1,39350875,C,G,L,V,0
1,39350885,G,A,R,H,0
1,39353067,G,A,V,I,0
1,39357693,T,C,S,P,0
1,39370145,A,G,M,V,0
1,39370171,G,T,Q,H,0
1,39372528,A,G,N,S,0
1,39381979,G,T,V,F,0
1,39382058,G,A,R,Q,0
1,39387211,C,T,A,V,0
1,39387313,C,T,A,V,0
1,39387969,G,T,A,S,0
1,39388125,G,T,V,F,0
1,39427505,C,T,T,I,0
1,39428087,C,G,Q,E,0
1,39429863,G,A,G,D,0
1,39433084,A,G,M,V,0
1,39437792,G,A,E,K,0
1,39442834,G,A,A,T,0
1,39448691,G,C,S,T,0
1,39455054,C,T,P,L,0
1,39459098,G,A,S,N,0
1,39485571,G,A,R,Q,0
1,39847259,G,A,R,W,1
1,39850208,C,A,R,L,0
1,39854050,G,A,R,X,1
1,40080483,C,G,V,L,1
1,40089413,T,A,E,V,1
1,40285989,G,A,W,X,1
1,40303598,G,A,P,S,0
1,40514887,G,A,D,N,0
1,40514996,T,C,L,P,0
1,40515059,G,T,G,V,0
1,42739981,G,A,P,L,1
1,42755622,G,A,R,X,1
1,42758954,G,A,Q,X,1
1,42927085,G,T,P,T,0
1,42927223,C,T,V,I,0
1,42929721,C,A,E,X,1
1,42929994,C,T,W,X,1
1,42958651,T,C,M,V,1
1,43338696,C,T,R,X,1
1,43339339,T,C,W,R,1
1,43348965,G,A,W,X,1
1,43427571,C,T,R,X,1
1,43428037,G,A,A,T,0
1,43437275,C,T,R,X,1
1,43439703,C,T,R,X,1
1,43441811,C,T,Q,X,1
1,43446384,C,T,R,X,1
1,43448290,C,T,R,X,1
1,43920440,C,T,R,X,1
1,45013747,C,T,R,X,1
1,45014050,C,T,Q,X,1
1,45327151,G,C,M,I,1
1,45327242,C,T,Q,X,1
1,45331233,C,T,W,X,1
1,45331538,C,T,W,X,1
1,45332639,G,A,Q,X,1
1,45332954,C,T,W,X,1
1,45333289,A,T,Y,X,1
1,45333449,G,C,Y,X,1
1,45334415,G,A,Q,X,1
1,45341096,T,G,S,A,0
1,45508250,C,A,Y,X,1
1,45508965,G,A,W,X,1
1,45508966,G,A,W,X,1
1,45509051,C,T,Q,X,1
1,46189486,T,C,M,V,0
1,46190499,A,C,Y,X,1
1,46190513,T,A,K,X,1
1,46192148,G,A,R,X,1
1,46194602,C,T,W,X,1
1,46194879,C,T,W,X,1
1,46197748,C,T,W,X,1
1,46248570,A,G,D,G,0
1,46261261,A,T,E,V,0
1,46273737,C,T,R,C,0
1,46274596,T,C,I,T,0
1,52687760,T,C,K,R,0
1,53014919,C,T,Q,X,1
1,53200768,C,T,Q,X,1
1,53210125,C,T,R,W,1
1,53211111,C,G,Y,X,1
1,53213278,C,T,R,X,1
1,54758008,G,A,A,V,0
1,54999283,G,C,V,L,1
1,56867638,C,A,A,E,0
1,56917684,C,T,P,S,0
1,56933363,G,T,C,X,1
1,56940892,C,G,W,S,0
1,56956808,T,A,S,C,0
1,56956811,C,T,G,R,0
1,56965922,C,T,W,X,1
1,58682254,T,C,T,A,0
1,58695202,C,T,G,D,0
1,61383341,C,T,R,X,1
1,62238305,G,A,A,V,0
1,62247552,C,G,V,L,0
1,62263112,A,G,V,A,0
1,62263166,T,C,H,R,0
1,62266749,T,C,T,A,0
1,62268417,C,T,G,S,0
1,62274592,T,C,H,R,0
1,62597794,C,G,N,K,0
1,63415890,T,A,L,X,1
1,63635017,G,A,G,R,1
1,63636348,G,C,G,R,1
1,64159162,G,C,E,D,0
1,64177594,C,T,T,M,0
1,65401812,C,T,S,L,0
1,65401836,G,A,S,N,0
1,67052851,C,T,A,T,0
1,67169528,G,A,R,Q,0
1,67395667,T,A,C,S,0
1,68429788,G,T,F,L,1
1,68431106,G,A,P,L,1
1,68431116,G,C,P,A,1
1,68438948,C,T,W,X,1
1,68439028,G,C,Y,X,1
1,68440859,G,A,Q,X,1
1,68440951,T,C,H,R,1
1,68444533,G,A,Q,X,1
1,68444615,G,T,Y,X,1
1,68444785,A,G,I,T,1
1,68444819,C,T,G,S,1
1,68446755,A,C,L,R,1
1,68448624,C,A,G,C,1
1,68449896,G,A,Q,X,1
1,74249502,G,T,E,X,0
1,74331517,T,C,L,S,0
1,74342936,G,C,L,F,0
1,74370392,G,C,S,T,0
1,74463486,T,C,I,T,0
1,75724811,C,A,C,X,1
1,75732889,G,C,G,R,1
1,75732896,T,C,M,T,1
1,75733552,A,G,D,G,1
1,75734833,A,T,K,X,1
1,75740065,T,C,I,T,1
1,75740100,A,G,K,E,1
1,75740110,G,A,W,X,1
1,75745819,G,C,A,P,1
1,75745859,C,G,A,G,1
1,75749437,C,T,R,X,1
1,75749530,A,G,M,V,1
1,75761186,A,C,Y,S,1
1,75762726,T,C,I,T,1
1,94005466,C,T,G,D,1
1,94010823,C,A,Q,H,1
1,94011268,G,A,R,W,1
1,94019640,T,C,Q,R,1
1,94021899,C,A,E,X,1
1,94029483,C,A,E,X,1
1,94029601,C,G,W,C,1
1,94031804,G,A,R,C,1
1,94032017,C,T,V,I,0
1,94041261,A,C,L,X,1
1,94042793,G,C,S,X,1
1,94042802,G,A,S,L,1
1,94042826,G,C,P,R,1
1,94044731,C,T,G,S,1
1,94046976,T,G,Y,S,1
1,94055313,G,C,S,R,1
1,94077853,A,T,L,X,1
1,94121044,A,G,M,T,1
1,97595122,G,A,Q,X,1
1,97740456,G,A,P,L,1
1,99864538,A,T,K,X,1
1,99870420,C,T,Q,X,1
1,99875415,A,T,K,X,1
1,99880684,T,G,Y,X,1
1,99881083,C,G,S,X,1
1,99896388,G,A,R,K,1
1,99913692,G,A,W,X,1
1,99913703,C,T,Q,X,1
1,99993575,C,G,Y,X,1
1,100110377,G,A,A,V,0
1,100119127,T,C,E,G,0
1,100196319,C,G,R,P,1
1,100206504,T,C,S,G,0
1,100235481,A,G,L,P,1
1,100249792,C,T,W,X,1
1,100462821,G,A,V,M,0
1,100499237,C,T,A,V,0
1,100539534,G,A,V,I,0
1,102984181,C,T,G,E,1
1,103006282,T,C,T,A,0
1,109258723,C,T,P,L,0
1,109621257,G,A,A,T,0
1,111776180,G,A,A,V,0
1,111787063,C,T,G,S,1
1,113896009,G,A,R,X,1
1,113899961,G,A,R,X,1
1,113902672,G,A,R,X,1
1,113905767,C,T,H,Y,0
1,114713917,G,A,T,I,1
1,115701344,A,G,L,P,1
1,115732931,G,T,Y,X,1
1,116399502,T,C,L,P,1
1,118926565,G,T,H,N,0
1,119033195,C,G,A,P,0
1,119415434,C,A,C,X,1
1,119419519,G,A,A,T,1
1,119422166,C,A,P,Q,1
1,119712024,T,C,M,T,1
1,119759242,G,C,Y,X,1
1,120069346,C,T,A,T,0
1,145918688,T,C,M,V,1
1,146019645,G,A,R,X,1
1,147286377,G,A,G,R,0
1,147293695,A,G,I,V,0
1,147908085,G,A,V,M,1
1,150510879,C,T,T,M,0
1,150796895,C,T,W,X,1
1,150799582,A,T,I,N,1
1,150799670,T,A,K,X,1
1,150804220,C,T,W,X,1
1,150805896,G,A,R,X,1
1,151017816,C,T,S,F,0
1,151033930,C,G,P,R,0
1,151401549,T,C,I,T,0
1,152303901,C,G,S,T,0
1,152303983,C,T,D,N,0
1,152304107,C,G,E,D,0
1,152304150,G,C,T,R,0
1,152305350,A,C,V,G,0
1,152305735,G,A,R,W,0
1,152306079,T,C,D,G,0
1,152306238,C,G,R,T,0
1,152306380,T,G,S,R,0
1,152306635,A,T,S,T,0
1,152307253,C,T,G,R,0
1,152307365,G,C,H,Q,0
1,152307444,A,G,L,S,0
1,152307499,G,C,H,D,0
1,152307556,T,C,K,E,0
1,152307694,C,G,E,Q,0
1,152307789,C,G,S,T,0
1,152308234,C,T,D,N,0
1,152308306,A,G,Y,H,0
1,152308424,T,G,Q,H,0
1,152308531,A,G,Y,H,0
1,152308563,G,A,A,V,0
1,152308666,C,G,E,Q,0
1,152308752,C,G,S,T,0
1,152308828,A,C,S,A,0
1,152309003,G,T,H,Q,0
1,152309047,A,C,W,G,0
1,152309113,G,C,Q,E,0
1,152309214,C,T,R,Q,0
1,152309248,G,T,H,N,0
1,152309472,G,A,A,V,0
1,152310441,G,T,S,Y,0
1,152310760,T,C,R,G,0
1,152310807,C,T,R,H,0
1,152311386,G,C,A,G,0
1,152311438,G,A,R,X,1
1,152313172,G,A,R,X,1
1,152313556,C,T,G,R,0
1,153261034,A,G,S,G,0
1,154571896,G,A,R,H,0
1,154936607,C,A,E,X,1
1,155235820,A,C,W,G,1
1,155235829,C,G,V,L,1
1,155238260,G,C,S,X,1
1,155238291,G,A,R,X,1
1,155238613,G,C,S,R,1
1,155291779,C,T,R,Q,1
1,155291846,G,A,R,X,1
1,155291890,G,A,A,V,1
1,155291912,G,A,R,X,1
1,155293488,C,T,E,K,1
1,155293529,T,C,N,S,1
1,155294329,C,G,G,A,1
1,155294358,G,T,D,E,1
1,155294639,G,A,R,X,1
1,155295543,A,T,V,D,1
1,155347856,G,A,R,X,1
1,155438886,G,A,R,X,1
1,155478027,T,C,R,G,0
1,155478077,G,A,A,V,0
1,155610262,C,T,A,V,0
1,155613694,C,T,P,S,0
1,156135208,G,A,A,T,1
1,156136398,G,T,E,X,1
1,156591859,G,C,V,L,0
1,156846543,C,T,V,I,0
1,156876572,G,A,R,Q,1
1,156880026,C,T,R,C,1
1,158620268,G,A,Q,X,1
1,158635914,G,A,R,X,1
1,158638120,A,T,L,X,1
1,158653323,G,A,R,X,1
1,158654709,G,A,Q,X,1
1,158657611,G,A,R,X,1
1,158680601,A,T,Y,X,1
1,160030590,T,C,N,D,0
1,160030645,A,T,F,L,0
1,160128656,G,A,C,Y,1
1,160128997,C,T,R,X,1
1,160130580,C,T,R,X,1
1,160134499,G,A,G,R,1
1,160136308,G,A,R,Q,1
1,160136914,G,A,R,Q,1
1,160291829,C,A,R,L,0
1,160354187,A,T,N,Y,0
1,161306879,C,T,G,R,1
1,164559883,G,A,G,S,0
1,164792505,C,T,R,X,1
1,164812014,C,T,R,X,1
1,167810834,C,T,C,Y,0
1,167823118,G,A,P,L,0
1,167856211,T,C,I,V,0
1,167856247,T,C,I,V,0
1,167896633,G,A,T,M,0
1,169477265,G,A,Q,X,1
1,170539251,C,T,R,X,1
1,171635941,T,C,K,R,0
1,171635945,T,A,I,F,1
1,171635998,G,A,P,L,1
1,171636000,G,C,N,K,1
1,171636092,T,A,N,Y,1
1,171636127,G,A,T,I,1
1,171636164,C,A,V,F,1
1,171636290,C,T,D,N,1
1,171636301,T,G,D,A,1
1,171636302,C,A,D,Y,1
1,171636310,G,A,T,M,1
1,171636353,C,T,A,T,1
1,171636382,G,A,T,I,0
1,171636419,A,G,S,P,1
1,171636455,C,T,V,M,0
1,171636464,C,G,G,R,1
1,171636473,C,T,E,K,1
1,171636679,G,A,P,L,1
1,171636688,A,G,V,A,1
1,171636704,C,T,G,R,1
1,171638683,A,G,L,P,0
1,171652236,G,A,R,W,0
1,171652458,T,C,S,G,0
1,171652514,C,T,R,K,0
1,171652555,C,A,Q,H,0
1,172441827,G,A,P,S,0
1,172659460,T,C,F,L,0
1,173826731,C,G,R,G,1
1,173838215,C,T,R,X,1
1,173903918,C,G,G,R,1
1,173909927,T,A,K,X,1
1,173910797,T,C,N,S,0
1,173910831,G,A,R,X,1
1,179551397,C,T,E,K,1
1,179554502,C,T,W,X,1
1,179559707,A,G,L,P,1
1,179564690,C,G,K,N,1
1,179564698,A,G,C,R,1
1,181715374,G,C,G,A,0
1,181716070,G,A,R,Q,0
1,181716088,G,C,R,P,0
1,181718098,G,A,M,I,0
1,181731194,C,T,H,Y,0
1,181732494,C,T,P,L,0
1,181732556,C,T,P,S,0
1,181732578,G,C,R,T,0
1,181732663,T,A,D,E,0
1,181732767,C,T,P,L,0
1,181732841,C,T,R,W,0
1,181732842,G,A,R,Q,0
1,181732851,G,A,R,Q,0
1,181732853,C,T,H,Y,0
1,181732862,G,A,V,I,0
1,181733468,G,A,G,R,0
1,181733480,G,A,G,S,0
1,181733543,G,A,V,M,0
1,181733553,C,T,T,M,0
1,181733612,A,G,M,V,0
1,181733671,C,G,D,E,0
1,181733717,G,A,V,M,0
1,181736373,C,T,R,C,0
1,181756068,G,A,V,I,0
1,181763430,A,T,M,L,0
1,181776200,G,A,V,I,0
1,181776219,G,A,R,Q,0
1,181784714,A,G,I,V,0
1,181785744,C,T,P,L,0
1,181790453,G,A,R,Q,0
1,181790513,T,C,M,T,0
1,181790521,G,A,A,T,0
1,181793756,G,T,R,M,0
1,181793774,G,A,R,H,0
1,181796689,G,A,R,H,0
1,181796806,G,A,R,H,0
1,181796818,G,A,R,K,0
1,181798362,G,A,R,Q,0
1,181798407,A,G,Y,C,0
1,181798422,G,A,R,Q,0
1,181798428,C,T,A,V,0
1,181798460,G,A,E,K,0
1,181798503,A,G,N,S,0
1,181798517,G,A,E,K,0
1,181798613,G,A,A,T,0
1,181798724,A,G,M,V,0
1,181798749,G,A,R,Q,0
1,181798814,G,C,E,Q,0
1,183215527,C,T,R,X,1
1,183225699,C,T,R,X,1
1,183227579,C,A,Y,X,1
1,183232711,C,T,Q,X,1
1,183239375,C,T,Q,X,1
1,183243183,T,G,L,X,1
1,183560222,T,C,N,D,0
1,186153943,T,G,I,R,0
1,186309867,C,T,R,X,1
1,193135581,C,T,R,X,1
1,193147939,C,T,R,X,1
1,196333925,G,A,S,L,0
1,196673076,C,T,R,C,1
1,196673132,G,A,W,X,1
1,196679697,C,T,R,X,1
1,196725297,G,T,E,X,1
1,196740657,G,T,V,F,0
1,196902462,T,C,Y,H,0
1,196949608,C,T,T,M,0
1,196994182,A,G,N,S,0
1,196996057,G,A,E,K,0
1,197090366,C,T,W,X,1
1,197102257,G,A,R,X,1
1,197104256,A,T,Y,X,1
1,197104544,G,T,Y,X,1
1,197104639,G,A,R,X,1
1,197142463,G,A,R,X,1
1,197328709,C,T,Q,X,1
1,197328900,C,A,C,X,1
1,197328916,G,T,E,X,1
1,197356839,G,C,G,R,1
1,197421233,T,G,C,G,1
1,197421479,C,T,Q,X,1
1,197421588,G,A,C,Y,1
1,197421659,T,C,S,P,1
1,197421933,A,G,Y,C,1
1,197427574,G,T,G,V,1
1,197427577,T,A,L,X,1
1,197429490,G,A,W,X,1
1,197429578,G,T,G,X,1
1,197434880,C,A,S,Y,1
1,197435305,T,C,C,R,1
1,197435549,G,C,C,S,1
1,197438659,G,A,G,S,1
1,197442201,C,T,P,L,1
1,197442245,C,T,Q,X,1
1,197442275,G,T,E,X,1
1,198703310,A,G,N,S,0
1,200553438,G,C,P,A,0
1,200618621,G,A,R,X,1
1,201083321,G,A,R,X,1
1,202729928,G,A,R,X,1
1,202733469,G,A,R,X,1
1,202756393,G,A,R,X,1
1,203683341,G,A,V,I,0
1,204166236,A,G,C,R,1
1,204190659,G,C,P,R,0
1,204190794,T,C,Q,R,0
1,204192819,C,T,E,K,0
1,204997346,G,A,A,T,0
1,205169193,G,C,L,V,0
1,205211346,G,A,L,F,0
1,207475125,C,A,C,X,1
1,209625868,G,A,Q,X,1
1,209625922,G,A,Q,X,1
1,209629806,A,G,C,R,1
1,209630681,A,T,C,S,1
1,209634583,C,T,W,X,1
1,209790807,G,A,R,X,1
1,210683427,C,T,A,T,0
1,210683571,C,T,V,M,0
1,210683774,C,A,G,V,0
1,210683879,C,T,R,H,0
1,210683924,G,C,A,G,0
1,210920033,G,A,R,W,1
1,211103555,C,T,R,Q,0
1,212887892,C,T,Q,X,1
1,214637901,C,G,H,Q,0
1,214640439,A,G,M,V,0
1,214640598,C,G,Q,E,0
1,214640716,T,G,M,R,0
1,214640782,G,A,R,H,0
1,214641390,T,G,Y,D,0
1,214641435,G,A,G,R,0
1,214641582,C,T,H,Y,0
1,214641652,C,T,T,I,0
1,214641773,A,T,E,D,0
1,214642227,A,G,M,V,0
1,214642573,T,C,L,S,0
1,214642881,G,A,A,T,0
1,214642954,A,G,K,R,0
1,214644569,C,T,R,X,1
1,214644678,A,G,N,S,0
1,214644872,G,A,D,N,0
1,214644880,T,A,H,Q,0
1,214645205,C,T,R,C,0
1,214645461,G,A,R,H,0
1,214645503,A,G,D,G,0
1,214645602,A,C,E,A,0
1,214645683,A,C,Q,P,0
1,214645701,C,T,S,L,0
1,214645985,G,A,A,T,0
1,214646244,A,G,Q,R,0
1,214646346,A,C,E,A,0
1,214646637,C,T,A,V,0
1,214646756,A,G,N,D,0
1,214652853,G,A,R,Q,0
1,214657274,A,G,R,G,0
1,214663767,C,G,N,K,0
1,215648564,C,T,W,X,1
1,215648621,G,C,S,X,1
1,215650649,G,T,N,K,1
1,215650650,T,C,N,S,1
1,215674365,C,A,G,W,1
1,215674446,C,T,G,S,1
1,215675386,C,G,W,C,1
1,215743210,G,A,Q,X,1
1,215758749,G,T,Y,X,1
1,215782146,C,A,G,X,1
1,215786726,C,T,C,Y,1
1,215786860,G,T,C,X,1
1,215798991,G,A,Q,X,1
1,215813850,C,A,E,X,1
1,215817063,G,T,C,X,1
1,215817118,C,T,W,X,1
1,215817127,C,T,W,X,1
1,215877821,A,C,L,X,1
1,215888566,T,A,K,X,1
1,215900215,A,T,L,X,1
1,215934748,C,A,G,X,1
1,215965390,C,T,W,X,1
1,216046439,A,G,I,T,0
1,216048566,G,T,S,X,1
1,216073136,C,A,E,X,1
1,216078095,C,A,E,X,1
1,216078131,G,A,Q,X,1
1,216078176,G,A,Q,X,1
1,216078305,G,A,Q,X,1
1,216089078,C,T,W,X,1
1,216175422,C,T,R,K,0
1,216196587,G,T,S,X,1
1,216198568,A,C,Y,X,1
1,216199708,G,A,Q,X,1
1,216199892,A,T,Y,X,1
1,216207423,G,A,Q,X,1
1,216246615,G,A,Q,X,1
1,216246702,G,A,Q,X,1
1,216246703,G,T,C,X,1
1,216247125,T,A,K,X,1
1,216251035,C,A,G,X,1
1,216251085,C,G,C,S,1
1,216321956,G,T,A,D,1
1,216323546,T,C,Y,C,1
1,216325541,G,T,R,S,1
1,216327601,G,A,L,F,1
1,216422068,T,C,Y,C,1
1,218346712,G,A,C,Y,0
1,218346975,G,T,E,X,1
1,219988627,T,C,E,G,0
1,220024283,G,T,D,E,0
1,223004632,G,A,V,M,0
1,224183363,C,A,D,E,0
1,225403362,C,G,V,L,0
1,225921329,G,A,Q,X,1
1,226888097,C,A,H,N,0
1,226888902,G,T,V,L,0
1,228097169,C,T,R,C,1
1,228157961,A,G,Y,C,1
1,228158848,G,A,A,T,0
1,228166123,C,T,Q,X,1
1,228212279,G,A,A,T,0
1,228275979,G,T,G,V,0
1,228277815,T,G,F,L,0
1,228286841,G,A,V,M,0
1,228286866,T,C,I,T,0
1,228293536,G,A,R,H,0
1,228318153,C,T,P,L,0
1,228321729,G,A,R,H,0
1,228321980,G,T,D,Y,0
1,228335293,C,T,S,L,0
1,228337373,C,G,A,G,0
1,228338952,C,A,H,Q,0
1,228340513,C,T,A,V,0
1,228371188,G,C,A,P,0
1,228371306,C,T,T,I,0
1,228371356,G,A,A,T,0
1,228371620,C,T,R,W,0
1,228371749,G,A,G,R,0
1,228377508,G,A,E,K,0
1,229431632,G,C,P,R,1
1,229432591,G,T,A,D,1
1,229432664,C,T,A,T,1
1,229463667,C,T,G,D,0
1,229495926,C,T,R,K,0
1,230250492,A,C,D,A,0
1,230279402,G,A,V,M,0
1,230678922,A,G,I,V,0
1,231276146,G,A,C,Y,0
1,235677127,C,A,E,X,1
1,235731110,G,A,R,X,1
1,235758991,G,A,R,X,1
1,235775056,G,A,Q,X,1
1,235806174,G,A,R,X,1
1,235808921,T,A,K,X,1
1,235809833,G,A,R,X,1
1,236762521,A,G,I,V,0
1,236863553,C,T,R,X,1
1,237445402,C,A,A,D,1
1,237614773,A,G,E,G,0
1,237772077,G,T,V,L,1
1,237784046,G,A,D,N,1
1,237806159,A,G,Y,C,1
1,240208606,C,T,P,L,0
1,241497862,C,T,W,X,1
1,241500544,A,G,V,A,0
1,241504200,G,A,A,V,1
1,241504214,A,C,F,L,1
1,241506080,C,T,G,D,1
1,241512060,A,C,N,K,1
1,241517297,C,T,R,Q,1
1,241519720,C,T,M,I,1
1,243274633,G,T,E,X,1
1,243308032,G,T,E,X,1
1,243330618,C,T,Q,X,1
1,243552810,T,C,E,G,0
1,244055152,C,T,H,Y,1
1,244055180,A,G,H,R,1
1,244055257,C,T,R,C,1
1,244863933,C,G,E,D,0
1,244864151,T,C,M,V,0
1,247436052,T,C,Y,H,1
10,237638,G,T,R,S,0
10,242115,G,A,R,H,1
10,248582,C,T,R,C,0
10,252430,G,A,W,X,1
10,1084412,A,T,S,C,1
10,1086292,C,T,T,M,0
10,3149631,C,T,V,I,0
10,8058787,G,A,G,S,0
10,8064109,C,T,R,W,1
10,8064130,C,T,R,X,1
10,11270756,C,T,Q,X,1
10,12069091,T,C,F,L,0
10,12084716,C,T,R,X,1
10,12089082,T,G,Y,D,0
10,12097688,C,T,R,X,1
10,12101106,C,G,I,M,0
10,13112576,C,T,Q,X,1
10,13122390,C,A,S,X,1
10,13125992,G,T,E,X,1
10,14909222,G,C,S,X,1
10,14919747,G,A,R,X,1
10,14934487,G,A,R,X,1
10,14936554,A,G,C,R,1
10,14953964,A,G,I,T,1
10,15531051,A,G,V,A,0
10,15607699,T,G,Q,P,0
10,15607711,G,A,S,F,0
10,16828957,C,A,E,X,1
10,16831318,G,A,R,X,1
10,16835143,C,T,W,X,1
10,16899131,C,T,W,X,1
10,16900756,A,G,I,T,0
10,17594310,G,A,H,Y,0
10,17617150,C,G,E,Q,0
10,17617150,C,T,E,K,0
10,26026471,C,T,Q,X,1
10,27077478,C,A,D,Y,0
10,27208262,G,A,T,M,0
10,27211050,G,T,P,Q,0
10,27935146,G,A,R,C,0
10,27935199,G,T,P,H,0
10,27939997,C,T,R,Q,0
10,27961681,C,A,D,Y,0
10,28611899,C,A,P,T,0
10,43111438,C,T,Q,X,1
10,43120090,C,T,R,W,1
10,47324846,A,T,I,F,0
10,47325234,G,C,G,A,0
10,49470701,G,A,R,X,1
10,49524580,C,A,E,X,1
10,49619788,C,T,R,X,1
10,49648606,G,A,V,M,0
10,49649512,C,T,Q,X,1
10,49649635,C,T,R,X,1
10,49655123,G,T,E,X,1
10,49655141,C,T,R,X,1
10,53831415,C,A,E,X,1
10,53903311,G,A,Q,X,1
10,54020313,A,T,L,X,1
10,54183572,G,A,Q,X,1
10,54185175,G,A,Q,X,1
10,54378849,C,T,W,X,1
10,58789277,G,A,V,M,0
10,58803193,A,C,N,T,0
10,58813852,G,A,R,Q,0
10,58828793,T,C,S,P,0
10,60072369,T,C,T,A,0
10,62813496,C,A,R,L,1
10,63214777,A,T,S,T,0
10,66280567,C,T,S,N,0
10,66766353,C,T,V,I,0
10,68194423,C,T,R,X,1
10,68231485,T,C,R,G,0
10,69359951,G,A,R,Q,1
10,69380070,G,A,G,R,1
10,69898721,C,T,R,X,1
10,69930475,G,A,V,M,0
10,70598407,A,T,Y,X,1
10,70598492,C,G,R,P,1
10,70598493,G,A,R,W,1
10,70598553,G,A,R,X,1
10,70598819,G,T,S,X,1
10,70598964,C,T,E,K,1
10,70599064,G,T,Y,X,1
10,70600454,G,T,S,X,1
10,70600900,C,T,M,I,1
10,70600902,T,C,M,V,1
10,70844506,G,T,V,L,0
10,70871920,C,G,Y,X,1
10,71510207,C,T,Q,X,1
10,71577965,C,T,R,W,1
10,71615542,G,A,G,R,1
10,71615542,G,T,G,X,1
10,71677676,C,T,Q,X,1
10,71682477,C,T,Q,X,1
10,71695477,C,G,Y,X,1
10,71705044,A,G,E,G,1
10,71730544,C,T,R,X,1
10,71732133,C,T,Q,X,1
10,71751727,G,A,S,L,0
10,72007692,C,T,R,C,1
10,72161581,G,A,Q,X,1
10,72213199,C,T,D,N,0
10,72551212,G,A,R,X,1
10,72562974,T,C,N,S,0
10,74975704,T,C,I,T,0
10,74975991,A,G,T,A,0
10,75020677,G,A,V,I,0
10,75020696,A,G,Y,C,0
10,75021142,C,T,R,W,0
10,75021268,C,T,R,X,1
10,75021968,G,A,A,T,0
10,75021981,C,T,S,L,0
10,75022013,C,T,R,W,0
10,75022076,G,T,E,X,1
10,75025001,G,A,R,K,0
10,75028521,G,A,E,K,0
10,75028781,G,T,L,F,0
10,75028965,G,C,D,H,0
10,75029208,C,A,L,I,0
10,75029214,G,A,V,M,0
10,75029259,G,A,V,I,0
10,75029265,C,G,L,V,0
10,75029302,C,T,A,V,0
10,75029480,C,G,S,R,0
10,75029584,C,T,T,M,0
10,77982180,G,A,R,X,1
10,77982244,G,T,Y,X,1
10,78002206,C,T,G,S,1
10,78017613,G,A,Q,X,1
10,78022345,G,A,R,X,1
10,79277325,G,A,S,N,0
10,79311053,C,A,P,T,0
10,79311077,G,A,A,T,0
10,79311101,G,A,D,N,0
10,79311147,C,T,A,V,0
10,80166110,T,C,I,V,0
10,80166946,G,A,R,C,0
10,80167303,C,T,R,Q,0
10,80172839,G,A,P,L,0
10,80276549,G,A,R,C,1
10,84208780,C,T,R,X,1
10,86681658,G,A,G,S,0
10,86876043,A,T,R,X,1
10,86899854,C,T,Q,X,1
10,86921608,A,T,K,X,1
10,87521094,T,G,I,S,1
10,87862043,A,T,W,R,0
10,87862096,T,C,N,S,0
10,87862106,G,C,R,G,0
10,87864512,A,T,R,X,1
10,87894051,G,A,G,R,1
10,87925552,C,A,Y,X,1
10,87931064,T,A,Y,X,1
10,87931086,A,T,R,X,1
10,87933046,C,A,P,Q,1
10,87933091,G,A,W,X,1
10,87933130,G,C,C,S,1
10,87933131,T,G,C,W,1
10,87933135,G,C,A,P,1
10,87933138,G,T,G,X,1
10,87933181,A,T,H,L,1
10,87933224,T,G,Y,X,1
10,87952118,G,C,G,R,1
10,87952165,C,A,Y,X,1
10,87957873,C,T,Q,X,1
10,87957893,T,A,Y,X,1
10,87957906,G,T,G,X,1
10,87960945,G,T,E,X,1
10,87961100,C,A,Y,X,1
10,88314537,G,A,Q,X,0
10,88583080,C,G,E,D,0
10,88770903,C,A,T,N,0
10,88990896,T,C,L,P,1
10,89010775,G,A,W,X,1
10,89014191,G,A,R,Q,1
10,89014220,G,A,D,N,1
10,89215975,C,T,W,X,1
10,89223812,C,A,E,X,1
10,89436131,G,C,S,C,0
10,92593451,A,G,R,G,1
10,92606344,C,T,R,X,1
10,92613521,C,T,R,X,1
10,92628858,T,C,I,T,0
10,92637260,A,G,N,S,0
10,92653720,G,A,R,K,0
10,93519749,A,T,H,L,0
10,93635563,G,T,E,X,1
10,93640489,C,T,R,X,1
10,93797117,C,T,R,X,1
10,94270579,C,T,R,X,1
10,94325033,C,A,P,T,0
10,95637363,C,T,R,H,1
10,95693898,A,C,M,R,1
10,95693899,T,C,M,V,1
10,96709750,C,A,A,S,0
10,97598853,G,A,R,H,1
10,97601968,G,A,R,H,1
10,97611535,G,A,G,E,1
10,97611606,C,T,P,S,0
10,98423772,G,A,Q,X,1
10,98423876,G,A,A,V,0
10,98425561,G,A,R,X,1
10,98429573,C,T,G,S,1
10,98429844,G,A,Q,X,1
10,98443232,G,T,C,X,1
10,98620653,G,A,T,I,0
10,99727531,C,T,W,X,1
10,100152307,T,C,I,V,0
10,100218126,C,T,V,I,0
10,100220598,A,G,V,A,0
10,100750731,G,A,G,S,1
10,100750791,C,T,R,X,1
10,100750824,C,T,R,X,1
10,100779505,C,T,R,W,1
10,100989117,C,T,R,W,1
10,100989833,T,G,F,C,1
10,101011753,G,A,P,S,0
10,101011942,G,C,A,G,0
10,101016407,G,A,Q,X,1
10,101019135,G,C,Y,X,1
10,101019153,G,T,C,X,1
10,102066207,C,T,R,X,1
10,102066861,C,T,R,X,1
10,102066987,C,T,Q,X,1
10,102067293,C,T,R,X,1
10,102655237,G,A,R,H,0
10,102656890,G,A,G,S,0
10,102830743,G,A,R,C,1
10,102830884,G,A,R,C,1
10,102830910,C,T,R,H,1
10,102830923,C,T,G,R,1
10,102831525,G,A,P,L,1
10,102831525,G,C,P,R,1
10,102832533,G,C,H,D,1
10,102832533,G,T,H,N,1
10,102834073,C,T,R,Q,1
10,102834871,C,A,E,X,1
10,102834930,G,T,A,E,1
10,102835328,C,T,W,X,1
10,102837359,C,T,M,I,1
10,103054367,C,T,R,X,1
10,103897558,G,C,S,C,0
10,103900068,T,C,T,A,0
10,110821572,C,T,P,S,0
10,113855020,C,T,Q,X,1
10,121488000,C,A,K,N,1
10,121565551,A,G,I,T,0
10,122488925,C,T,R,C,1
10,122506760,G,A,G,R,1
10,122506818,G,A,R,Q,1
10,124403031,G,A,Q,X,1
10,124412020,C,T,G,D,1
10,125816493,C,A,V,F,1
10,129873572,C,T,V,M,1
10,129877815,T,C,N,D,1
10,132785124,A,G,V,A,0
10,132785885,T,G,M,L,0
10,133285526,C,T,A,T,0
10,133362909,C,T,A,T,1
10,133370649,A,G,I,T,1
10,133373302,A,G,V,A,0
11,298602,G,A,L,F,0
11,299457,C,A,A,S,0
11,540719,G,A,R,Q,0
11,540843,C,A,Y,X,1
11,541565,G,A,R,Q,0
11,550192,C,A,Q,K,0
11,551161,G,A,V,M,0
11,551204,C,T,P,L,0
11,551753,G,A,R,H,0
11,552153,A,C,T,P,0
11,554047,G,A,R,Q,0
11,554166,C,G,R,G,0
11,554214,G,C,D,H,0
11,613208,T,C,Q,R,0
11,614318,T,C,K,E,0
11,674589,G,A,R,X,1
11,678798,G,A,P,L,0
11,681025,G,C,T,S,0
11,688022,G,A,Q,X,1
11,837277,A,C,K,Q,0
11,1456412,G,C,G,A,0
11,2160971,T,C,M,V,1
11,2164345,G,A,P,L,1
11,2165266,A,G,S,P,1
11,2165679,C,T,G,R,1
11,2585276,G,T,R,L,1
11,2884964,C,G,A,P,0
11,4587363,T,C,I,T,0
11,6390765,G,A,W,X,1
11,6391696,T,C,W,R,1
11,6392153,T,G,L,R,1
11,6393272,A,G,N,S,1
11,6393295,A,C,N,H,1
11,6393621,A,G,H,R,1
11,6393693,G,A,R,K,1
11,6394309,C,A,P,Q,1
11,6610023,G,A,V,I,0
11,6614612,C,T,W,X,1
11,6617016,C,T,V,M,1
11,6621826,C,T,A,T,0
11,6623077,C,T,A,T,0
11,6623196,C,G,R,P,0
11,6624030,C,T,R,Q,0
11,6624241,C,T,A,T,0
11,6624291,C,T,R,Q,0
11,6625353,C,T,V,I,0
11,6626278,A,T,V,E,0
11,6627271,G,A,P,L,0
11,6640670,T,C,Q,R,0
11,9203870,C,T,V,I,0
11,9203939,C,G,E,Q,0
11,9516357,G,C,E,Q,0
11,10779032,A,G,E,G,0
11,14358803,C,T,G,D,1
11,14358804,C,A,G,C,1
11,14880541,G,A,R,X,1
11,14880703,G,A,R,X,1
11,15986310,G,A,R,X,1
11,16055781,T,C,R,G,0
11,16234653,T,G,K,T,0
11,17097140,T,C,T,A,0
11,17169343,A,C,F,L,0
11,17387475,C,T,R,H,1
11,17387476,G,A,R,C,1
11,17387536,G,C,H,D,1
11,17387991,C,T,R,H,1
11,17394267,G,A,T,M,1
11,17395214,C,T,A,T,1
11,17395620,C,T,G,S,1
11,17395658,C,T,R,H,1
11,17395873,G,A,R,C,1
11,17395897,A,G,S,P,1
11,17395903,C,T,G,R,1
11,17404629,A,C,L,R,1
11,17407050,G,T,C,X,1
11,17408412,G,A,Q,X,1
11,17413396,G,A,R,W,1
11,17415329,C,A,E,X,1
11,17427870,G,A,R,X,1
11,17448516,C,A,Q,H,1
11,17448518,G,A,Q,X,1
11,17460529,C,T,V,M,1
11,17461709,C,T,W,X,1
11,17463515,G,A,R,C,1
11,17463523,G,T,S,X,1
11,17476701,A,T,C,S,1
11,17476732,G,C,Y,X,1
11,17476758,C,G,G,R,1
11,17520981,C,A,E,X,1
11,17521401,C,A,E,X,1
11,17526363,G,A,R,X,1
11,17526435,G,A,R,X,1
11,17531231,C,G,G,R,1
11,17633836,G,A,R,Q,0
11,17641090,C,T,A,V,0
11,17772290,C,T,T,M,1
11,22239580,G,A,W,X,1
11,22262214,C,A,C,X,1
11,26599577,G,A,G,R,1
11,32392682,G,T,H,Q,1
11,34994932,G,A,M,I,0
11,35418951,C,T,G,S,0
11,36573843,G,A,W,X,1
11,36573844,G,A,W,X,1
11,36573879,G,A,C,Y,0
11,36574515,G,A,R,Q,1
11,36574805,C,T,Q,X,1
11,36575826,G,A,R,Q,1
11,36576171,T,C,I,T,1
11,36593483,C,G,R,P,1
11,36593694,G,A,R,C,1
11,36593727,G,A,R,X,1
11,36594039,C,A,G,X,1
11,44171671,C,T,Q,X,1
11,45915716,C,T,V,I,0
11,45933999,G,A,A,V,0
11,45953579,C,T,R,H,0
11,45979776,T,C,N,S,0
11,45979858,G,A,Q,X,1
11,46307938,G,A,A,T,0
11,46311152,C,T,T,M,0
11,46317460,G,A,A,T,0
11,46879300,G,A,Q,X,1
11,47332113,A,T,L,X,1
11,47333290,C,T,W,X,1
11,47338664,C,A,E,X,1
11,47341204,C,A,E,X,1
11,47342840,G,A,Q,X,1
11,47343129,T,C,I,V,0
11,47346332,C,T,W,X,1
11,47347891,C,A,G,X,1
11,47351305,G,A,Q,X,1
11,47441900,G,A,Q,X,1
11,47442667,C,A,E,X,1
11,47442747,C,T,W,X,1
11,47447925,G,A,Q,X,1
11,47448052,G,T,C,X,1
11,47835701,T,C,T,A,0
11,47848303,C,A,A,S,0
11,57611910,A,G,D,G,1
11,57611936,G,T,E,X,1
11,59152779,A,T,T,S,0
11,59152848,G,A,G,R,0
11,59153019,C,G,Q,E,0
11,59212649,T,C,T,A,0
11,61437718,C,T,Q,X,1
11,61438026,C,T,Q,X,1
11,61955835,G,C,R,P,1
11,61955924,C,G,P,A,1
11,61956934,T,C,L,P,1
11,61958291,G,A,W,X,1
11,61962706,G,T,E,X,1
11,62613634,G,C,G,A,0
11,62616643,C,T,V,M,0
11,62617322,G,A,R,X,1
11,62621946,A,G,M,T,1
11,62621947,T,A,M,L,1
11,62629642,T,C,M,V,0
11,62630493,C,T,V,I,0
11,62634891,G,A,R,X,1
11,62639022,C,T,R,H,0
11,63646532,T,A,D,V,0
11,64299527,C,T,P,L,0
11,64299638,C,T,P,L,0
11,64753999,A,T,C,X,1
11,64757890,C,T,W,X,1
11,64759674,G,T,Y,X,1
11,64804711,C,A,E,X,1
11,64805116,C,T,W,X,1
11,64806236,G,A,Q,X,1
11,64806271,G,T,A,D,1
11,64806332,G,A,H,Y,1
11,64807209,C,T,W,X,1
11,64807610,G,A,A,V,1
11,65204815,G,C,R,P,0
11,65551467,C,T,S,N,0
11,65552280,G,A,A,V,0
11,65655736,G,A,R,X,1
11,66070692,C,T,S,F,0
11,66193530,T,C,M,T,0
11,66216156,G,A,G,D,0
11,66216197,G,A,E,K,0
11,66230809,G,T,V,L,0
11,66235340,A,G,N,S,0
11,66239157,C,T,S,F,0
11,66239261,G,A,A,T,0
11,66241525,C,T,A,V,0
11,66241590,G,C,G,R,0
11,66265923,C,T,R,C,0
11,66514628,C,T,Q,X,1
11,66523869,T,A,V,D,1
11,66531963,C,T,R,X,1
11,66689146,C,T,R,H,0
11,66694246,C,T,V,M,0
11,66704803,T,C,S,G,0
11,66852625,G,A,R,X,1
11,67457656,C,T,R,X,1
11,67522635,C,T,A,T,0
11,67608552,G,T,R,S,0
11,67610390,C,T,R,X,1
11,68042822,C,T,Q,X,1
11,68043390,G,T,E,X,1
11,68043628,C,T,Q,X,1
11,68043887,C,T,Q,X,1
11,68047728,G,T,E,X,1
11,68049091,C,T,Q,X,1
11,68050164,C,T,Q,X,1
11,68050574,C,G,P,R,1
11,68158079,T,C,N,S,0
11,68158560,G,C,Q,E,0
11,68158640,G,A,T,M,0
11,68158784,G,A,P,L,0
11,68386684,C,T,R,X,1
11,68413740,C,T,T,M,1
11,68433672,G,A,W,X,1
11,68438490,G,A,A,T,0
11,68438631,G,A,V,M,0
11,68784963,G,A,R,X,1
11,68799322,C,A,E,X,1
11,68929248,G,A,E,K,1
11,69818768,G,A,L,F,1
11,70490306,G,A,R,X,1
11,70659902,G,A,Q,X,1
11,71435452,A,G,C,R,1
11,71435475,C,A,R,L,1
11,71435508,T,C,Y,C,1
11,71435575,C,G,G,R,1
11,71435582,G,T,N,K,1
11,71441267,T,C,M,V,0
11,71458501,G,C,V,L,0
11,72195627,C,T,R,C,1
11,72237492,C,G,A,G,0
11,72237735,G,A,R,Q,0
11,72294417,C,T,G,R,1
11,72329790,G,A,Q,X,1
11,73951088,T,A,S,T,0
11,73959593,T,G,V,G,0
11,73970090,G,A,M,I,0
11,74006351,G,A,T,M,0
11,74033673,C,A,V,F,0
11,74033924,G,A,T,M,0
11,74034038,G,A,A,V,0
11,74034102,A,G,S,P,0
11,74048206,T,C,R,G,0
11,74048209,C,A,G,W,0
11,74057508,C,T,S,N,0
11,74085638,T,C,Y,C,0
11,74095398,C,T,R,Q,0
11,74098211,A,G,V,A,0
11,74109135,G,A,R,X,1
11,74138729,G,C,L,V,0
11,74492263,T,A,T,S,0
11,74493289,G,A,P,S,0
11,77157002,C,T,Q,X,1
11,77157339,C,T,Q,X,1
11,77162977,A,G,Y,C,1
11,77175441,G,C,G,R,1
11,77179880,G,A,W,X,1
11,77179924,C,T,R,C,1
11,77201567,C,T,Q,X,1
11,77204177,A,T,K,X,1
11,77205491,T,A,L,H,1
11,77205604,C,T,Q,X,1
11,77206107,C,T,R,W,1
11,77379319,G,A,P,S,1
11,78443687,G,C,Y,X,1
11,78493094,G,C,S,C,0
11,78571426,G,A,R,X,1
11,85631688,T,C,V,A,0
11,85631730,C,T,S,F,0
11,85636129,C,T,A,V,0
11,85636224,G,A,E,K,0
11,86257543,A,G,N,S,1
11,88300539,G,A,R,X,1
11,89178024,G,A,C,Y,1
11,89178051,A,C,K,T,1
11,89178085,T,A,S,R,1
11,89178208,T,A,Y,X,1
11,89178243,G,T,G,V,1
11,89178483,T,A,V,D,1
11,89178546,T,C,I,T,1
11,89178668,C,T,R,W,1
11,89191245,T,C,L,S,1
11,89191277,C,T,R,C,1
11,89191378,G,A,M,I,1
11,89227885,C,T,H,Y,1
11,89227887,C,A,H,Q,1
11,89227892,A,G,Y,C,1
11,89227922,G,T,G,V,1
11,89284934,A,G,Y,C,1
11,93790721,C,T,R,X,1
11,93801866,C,T,R,X,1
11,94129327,A,C,Q,H,0
11,94437215,G,A,Q,X,1
11,94467815,G,A,R,X,1
11,95827915,C,T,R,X,1
11,101453067,C,A,R,L,1
11,103113585,C,T,R,X,1
11,103114235,C,T,R,X,1
11,103170910,C,T,R,X,1
11,103203775,T,G,Y,X,1
11,108141607,C,T,Q,X,1
11,108146310,C,T,Q,X,1
11,108161440,T,C,N,D,0
11,108161506,C,A,G,C,0
11,108161887,C,T,D,N,0
11,108169795,C,T,V,I,0
11,108172538,T,C,T,A,0
11,108235830,G,A,W,X,1
11,108244066,G,T,G,X,1
11,108244981,C,T,Q,X,1
11,108247063,C,G,S,X,1
11,108249046,G,A,W,X,1
11,108250727,C,G,S,X,1
11,108250985,T,A,L,X,1
11,108251037,G,A,W,X,1
11,108251953,C,A,S,X,1
11,108251965,G,A,W,X,1
11,108252896,C,T,Q,X,1
11,108253977,G,T,E,X,1
11,108257490,C,T,Q,X,1
11,108259035,C,G,S,X,1
11,108267214,C,G,S,X,1
11,108271258,T,C,C,R,1
11,108272816,A,G,H,R,1
11,108279552,C,T,Q,X,1
11,108281062,T,A,L,X,1
11,108282795,G,A,W,X,1
11,108282878,A,T,R,X,1
11,108284381,G,T,E,X,1
11,108289026,A,T,K,X,1
11,108289708,T,A,L,X,1
11,108292672,T,G,L,X,1
11,108293369,T,A,Y,X,1
11,108301763,C,T,Q,X,1
11,108307938,C,T,Q,X,1
11,108316088,C,G,S,X,1
11,108316102,G,T,G,X,1
11,108317416,T,A,L,X,1
11,108317447,G,A,W,X,1
11,108321377,C,T,Q,X,1
11,108321395,G,T,E,X,1
11,108325312,C,G,S,X,1
11,108326093,C,A,Y,X,1
11,108326122,G,A,W,X,1
11,108326187,A,T,K,X,1
11,108327741,C,T,Q,X,1
11,108329097,C,A,S,X,1
11,108330242,G,T,E,X,1
11,108332002,A,T,K,X,1
11,108335863,C,T,Q,X,1
11,108335958,T,A,Y,X,1
11,108343351,C,T,Q,X,1
11,108345775,T,G,Y,X,1
11,108345880,T,G,Y,X,1
11,108347286,C,G,Y,X,1
11,108353777,G,T,E,X,1
11,108354861,T,G,L,X,1
11,108365154,G,T,E,X,1
11,108365377,C,T,Q,X,1
11,108365507,G,C,X,S,1
11,108510520,C,T,G,R,0
11,108512833,T,A,N,Y,0
11,108512949,A,G,L,P,0
11,108513480,C,T,S,N,0
11,108513678,A,G,I,T,0
11,108513934,C,A,V,F,0
11,108513939,T,C,H,R,0
11,108514524,C,T,R,Q,0
11,108539057,T,A,E,V,0
11,108593482,T,C,R,G,0
11,112086956,C,T,R,X,1
11,112094807,G,A,G,D,1
11,112094830,T,G,Y,D,1
11,112226521,G,T,L,F,1
11,112228614,A,G,E,G,1
11,112233164,A,G,E,G,1
11,112233448,G,A,A,T,1
11,112233484,C,T,P,S,1
11,112233496,C,T,L,F,1
11,112233502,A,G,K,E,1
11,112233524,A,T,D,V,1
11,113323446,A,C,M,L,0
11,116790316,G,A,Q,X,1
11,116790406,G,A,Q,X,1
11,116791628,C,A,R,M,0
11,116820959,T,A,T,S,0
11,116821618,C,T,S,N,0
11,116821677,G,T,N,K,0
11,116836316,A,G,L,P,1
11,117361892,C,T,R,X,1
11,117393019,C,T,R,X,1
11,117395625,C,T,R,X,1
11,117395688,C,T,Q,X,1
11,118167039,C,T,V,I,0
11,118436739,G,C,G,A,0
11,118471902,A,G,N,S,0
11,118472688,A,G,H,R,0
11,118473767,A,T,K,X,1
11,118473861,G,A,S,N,0
11,118476889,C,T,R,X,1
11,118481780,G,A,V,M,0
11,118481987,C,G,L,V,0
11,118484267,C,T,Q,X,1
11,118488650,A,G,K,E,0
11,118490249,G,A,G,R,1
11,118496275,C,T,R,X,1
11,118501797,C,T,R,X,1
11,118502962,C,G,P,R,0
11,118502974,C,T,S,L,0
11,118503120,A,G,M,V,0
11,118503367,A,G,D,G,0
11,118503400,C,A,A,D,0
11,118503406,C,A,P,H,0
11,118503679,T,C,V,A,0
11,118503875,G,C,K,N,0
11,118505739,C,T,R,X,1
11,118505839,C,T,A,V,0
11,118506252,C,G,Q,E,0
11,118506267,A,G,N,D,0
11,118506483,C,G,P,A,0
11,118506549,G,A,G,R,0
11,118507606,C,T,A,V,0
11,118521367,G,A,V,I,0
11,118583869,C,T,R,X,1
11,118590456,C,T,R,X,1
11,118597768,C,T,R,X,1
11,118786061,G,T,T,N,0
11,119024933,G,A,R,X,1
11,119052102,T,C,K,R,0
11,119081463,A,G,K,R,0
11,119093170,C,T,R,X,1
11,119097870,C,T,R,H,1
11,121125854,C,T,R,X,1
11,121496918,G,A,E,K,0
11,121558767,C,T,T,M,0
11,121574249,A,G,I,V,0
11,121621073,G,A,V,I,0
11,121625107,A,T,D,V,0
11,124875576,C,T,P,L,1
11,124887804,C,T,G,D,0
11,124923915,T,A,K,X,1
11,125893851,C,G,E,D,0
11,125896149,C,A,A,S,0
11,125896278,A,C,Y,D,0
11,134259656,C,T,R,X,1
12,2608654,T,C,V,A,1
12,2665599,G,C,A,P,1
12,2679739,C,T,P,L,0
12,4299941,G,A,G,R,0
12,4912565,G,T,G,V,1
12,5952519,G,A,R,C,1
12,5993909,C,T,C,Y,1
12,6018526,C,T,G,D,1
12,6019573,A,G,L,P,1
12,6329337,G,A,P,L,0
12,6329823,G,A,L,F,0
12,6374618,G,A,R,X,1
12,6445462,G,A,A,T,0
12,6510118,C,G,Q,E,0
12,6587886,G,A,R,C,1
12,6591480,A,G,I,T,1
12,6601981,C,A,E,D,0
12,6845700,G,A,G,S,0
12,6939118,A,C,H,P,1
12,7063032,G,A,R,H,0
12,7690336,C,T,G,R,0
12,8868261,C,A,T,K,0
12,8934302,A,G,T,A,0
12,11869456,G,A,V,M,0
12,12179908,C,T,V,I,0
12,12718019,G,A,W,X,1
12,12718068,C,T,Q,X,1
12,12718260,C,T,Q,X,1
12,12718299,C,T,R,X,1
12,12718836,C,T,Q,X,1
12,13563850,G,A,R,W,1
12,13564413,G,A,T,M,0
12,13569973,A,G,M,T,1
12,13608650,T,C,I,V,1
12,13608685,A,G,L,P,1
12,14676959,A,C,F,L,0
12,15503912,C,G,N,K,0
12,20369318,G,A,D,N,0
12,21471464,T,A,K,M,0
12,21475570,C,T,V,I,0
12,21829022,G,A,T,M,1
12,23846112,G,A,R,X,1
12,27963703,G,A,R,X,1
12,30639597,G,A,R,X,1
12,30665228,G,A,R,X,1
12,31085033,C,T,P,L,0
12,31089466,G,A,V,M,0
12,32598560,G,A,V,I,0
12,32701428,G,A,S,N,1
12,32731356,G,A,G,S,1
12,32755777,G,T,S,X,1
12,32802526,G,A,Q,X,1
12,32879003,C,A,E,X,1
12,32896731,T,C,M,V,1
12,40232383,A,G,Q,R,0
12,40274666,A,T,L,F,0
12,40293552,A,C,E,D,0
12,45852364,G,T,R,I,0
12,47865107,G,A,R,X,1
12,47865176,G,A,R,X,1
12,47974853,C,T,W,X,1
12,47975971,C,G,G,R,1
12,47976069,C,T,G,D,1
12,47976070,C,T,G,S,1
12,47977149,G,A,Q,X,1
12,47977358,C,T,A,T,0
12,47977644,C,T,G,S,1
12,47978704,C,T,G,S,1
12,47980570,C,T,G,E,1
12,47980579,C,T,G,D,1
12,47982528,C,G,G,R,1
12,47982874,C,T,G,S,1
12,47983420,C,A,G,C,1
12,47983438,C,T,G,R,1
12,47984571,C,T,G,E,1
12,47985002,C,A,G,V,1
12,47985048,C,T,G,R,1
12,47985938,C,T,G,S,1
12,47986424,C,T,G,E,1
12,47987112,C,A,G,V,1
12,47987277,C,T,G,R,1
12,47987700,C,T,G,S,1
12,47989786,C,T,G,D,1
12,48004321,T,C,M,V,1
12,48132928,C,T,R,X,1
12,48134818,C,T,R,X,1
12,48140824,C,T,R,X,1
12,48142935,C,T,R,X,1
12,48144070,T,A,Y,X,1
12,48939762,C,T,D,N,1
12,49022655,C,T,E,K,1
12,49027219,G,A,P,L,0
12,49027865,C,T,D,N,0
12,49028028,C,A,K,N,0
12,49029405,C,T,V,I,0
12,49030349,G,C,P,A,0
12,49030645,C,T,A,T,0
12,49030660,C,G,A,P,0
12,49030931,C,T,V,I,0
12,49031182,T,C,N,S,0
12,49031284,A,C,L,R,0
12,49031602,G,T,T,N,0
12,49032019,C,T,R,Q,0
12,49032911,G,C,Q,E,0
12,49032974,G,A,Q,X,1
12,49033363,C,T,S,N,0
12,49033406,G,C,Q,E,0
12,49033796,G,T,P,T,0
12,49034448,G,A,P,L,0
12,49034589,C,T,S,N,0
12,49034918,C,T,A,T,0
12,49037977,G,A,R,C,0
12,49038060,C,T,R,H,0
12,49038097,G,A,R,W,0
12,49039891,A,G,Y,H,0
12,49040074,A,G,F,L,0
12,49040200,T,C,T,A,0
12,49040212,G,A,R,W,0
12,49040380,C,T,A,T,0
12,49040416,G,A,R,C,0
12,49040596,G,A,P,S,0
12,49040835,G,A,S,L,0
12,49041028,G,A,R,C,0
12,49041324,G,A,S,L,0
12,49041447,G,A,P,L,0
12,49042277,G,A,T,M,0
12,49042607,T,C,M,V,0
12,49043133,G,A,P,S,0
12,49044864,G,A,R,X,1
12,49044872,C,T,R,H,0
12,49050199,G,A,A,V,0
12,49050514,G,A,S,L,0
12,49050572,C,G,G,R,0
12,49051095,C,A,R,L,0
12,49051395,G,A,P,L,0
12,49051551,G,A,P,L,0
12,49051579,G,A,P,S,0
12,49051722,G,T,S,Y,0
12,49051890,C,T,R,H,0
12,49052082,G,A,T,M,0
12,49052166,G,T,P,Q,0
12,49052287,G,A,R,C,0
12,49052994,G,C,L,V,0
12,49053027,T,C,N,D,0
12,49054025,G,A,T,I,0
12,49054611,T,C,N,S,0
12,49185444,G,A,R,C,1
12,49185709,A,C,I,M,1
12,49186449,C,T,R,H,1
12,49599895,C,T,R,Q,0
12,49599983,C,G,E,Q,0
12,49600875,C,G,R,S,0
12,49950957,C,T,Q,X,1
12,51699668,G,A,G,R,1
12,51701186,G,A,C,Y,1
12,51705508,T,C,V,A,1
12,51751489,G,A,D,N,1
12,51786542,G,A,V,M,1
12,51786566,G,T,A,S,1
12,51786594,T,C,L,P,1
12,51789390,T,C,I,T,1
12,51794431,A,G,M,V,1
12,51806362,C,T,R,C,1
12,51806419,A,G,M,V,1
12,51913138,G,A,C,Y,1
12,51913230,G,T,E,X,1
12,51913242,T,C,C,R,1
12,51913307,C,G,C,W,1
12,51913994,C,A,C,X,1
12,51914473,G,C,L,F,0
12,51914476,G,A,W,X,1
12,51914529,G,A,W,X,1
12,51914530,G,A,W,X,1
12,51915318,T,C,L,P,1
12,51915323,A,T,R,X,1
12,51915413,C,T,Q,X,1
12,51916056,C,T,Q,X,1
12,51916182,T,G,W,G,1
12,51916185,G,A,A,T,1
12,51916186,C,A,A,D,1
12,51916205,G,T,W,C,1
12,51919013,C,G,F,L,1
12,51919035,C,T,P,S,1
12,51920796,G,A,W,X,1
12,51920832,G,C,R,P,1
12,52287676,G,A,R,C,0
12,52448859,C,T,D,N,0
12,52448952,T,C,I,V,0
12,52469280,T,C,I,V,0
12,52469429,C,T,V,I,0
12,52473632,T,C,I,V,0
12,52519119,C,G,K,N,1
12,52519129,A,G,L,P,1
12,52544536,C,T,R,Q,0
12,52544713,A,C,V,G,0
12,52552714,C,T,E,K,0
12,52552759,C,T,V,I,0
12,52567045,G,A,A,V,0
12,52567052,T,C,T,A,0
12,52572465,T,A,D,V,0
12,52572606,A,T,L,Q,0
12,52572644,G,C,N,K,0
12,52573333,C,T,D,N,0
12,52790127,C,T,G,D,0
12,53058065,G,C,S,T,0
12,53059230,G,A,R,Q,0
12,53060121,G,A,R,Q,0
12,53060824,C,T,P,L,0
12,55696360,G,A,R,X,1
12,55696931,G,A,R,X,1
12,56164534,G,C,P,A,0
12,56181739,G,A,R,X,1
12,56236660,G,C,S,T,0
12,56934207,G,C,L,V,0
12,57196001,A,C,Q,P,0
12,57471538,G,A,G,D,0
12,57489304,C,T,L,F,0
12,57763648,C,T,R,H,1
12,57766058,G,A,P,L,1
12,57783128,C,T,Q,X,1
12,57783137,C,T,Q,X,1
12,57786181,A,T,K,X,1
12,57786190,C,T,Q,X,1
12,57787082,C,T,Q,X,1
12,57796206,C,T,R,X,1
12,57810500,T,C,K,E,0
12,64484463,G,T,E,X,1
12,64737083,T,C,K,R,1
12,65170919,C,A,Y,X,1
12,68719342,C,T,A,V,0
12,68719610,T,C,Y,H,0
12,70310941,G,A,G,E,0
12,76346620,A,C,Y,X,1
12,76347022,A,C,Y,X,1
12,76347192,G,A,Q,X,1
12,76347576,G,A,Q,X,1
12,76348275,G,T,C,X,1
12,79353617,C,T,S,F,1
12,79796908,T,C,T,A,0
12,80262060,G,A,V,M,0
12,80262081,A,C,N,H,0
12,80266508,C,A,S,Y,0
12,80336520,A,G,I,V,0
12,80506122,C,A,Q,K,0
12,80510364,T,C,S,P,0
12,80542250,T,C,Y,H,0
12,80635060,G,A,E,K,0
12,80670458,G,T,A,S,0
12,88049300,C,A,E,X,1
12,88049337,A,T,Y,X,1
12,88050365,G,A,Q,X,1
12,88053700,G,A,Q,X,1
12,88055698,T,A,K,X,1
12,88058963,C,A,E,X,1
12,88059903,T,A,K,X,1
12,88071343,C,A,E,X,1
12,88071352,C,A,E,X,1
12,88071364,C,A,E,X,1
12,88071812,G,A,Q,X,1
12,88077701,A,T,L,X,1
12,88080261,G,T,S,X,1
12,88080310,C,A,E,X,1
12,88083945,C,A,E,X,1
12,88084639,G,A,Q,X,1
12,88087884,C,A,E,X,1
12,88089136,G,A,Q,X,1
12,88089139,G,A,Q,X,1
12,88090808,G,A,Q,X,1
12,88093912,G,T,S,X,1
12,88102942,C,A,E,X,1
12,88111771,C,A,E,X,1
12,88114485,T,A,K,X,1
12,88126321,G,A,Q,X,1
12,88129834,C,A,E,X,1
12,88130405,G,A,Q,X,1
12,88136777,G,A,Q,X,1
12,89350996,A,C,S,A,0
12,89351780,G,A,T,I,0
12,89620039,G,A,R,X,1
12,93678877,A,G,I,V,0
12,93678904,A,C,I,L,0
12,94375993,G,A,R,W,0
12,94378966,C,T,R,Q,0
12,95003612,A,C,Y,X,1
12,101766224,C,T,W,X,1
12,101780580,G,A,Q,X,1
12,101830667,G,C,F,L,0
12,102840414,G,A,A,V,1
12,102840465,T,C,Y,C,1
12,102840466,A,C,Y,D,1
12,102840471,T,A,D,V,1
12,102840472,C,A,D,Y,1
12,102840473,G,T,Y,X,1
12,102843686,A,C,Y,D,1
12,102843730,G,C,T,R,1
12,102843740,G,C,L,V,1
12,102843761,G,A,P,S,1
12,102843764,T,G,K,Q,1
12,102843767,C,A,E,X,1
12,102843769,G,A,S,L,1
12,102843774,G,T,C,X,1
12,102844378,C,G,K,N,1
12,102844385,G,A,S,F,1
12,102844403,A,G,L,P,1
12,102844407,C,T,G,R,1
12,102846939,C,T,A,T,1
12,102846944,C,T,G,D,1
12,102851689,G,T,Q,K,1
12,102851752,T,C,I,V,1
12,102852818,T,G,E,A,1
12,102852830,A,G,M,T,1
12,102852927,G,A,P,S,1
12,102855139,G,A,Q,X,1
12,102855143,G,C,F,L,1
12,102855162,A,T,L,Q,1
12,102855163,G,C,L,V,1
12,102855201,T,C,E,G,1
12,102855210,G,T,P,Q,1
12,102855237,G,A,A,V,1
12,102855238,C,T,A,T,1
12,102855239,A,C,H,Q,1
12,102855279,C,A,G,V,1
12,102855298,C,T,E,K,1
12,102866644,T,C,Y,C,1
12,102877475,T,A,D,V,1
12,102894776,G,A,A,V,1
12,102894891,C,T,E,K,1
12,106380080,C,T,R,X,1
12,106454522,C,T,R,X,1
12,106457257,C,T,R,X,1
12,106496150,C,T,R,X,1
12,106504119,G,A,R,H,1
12,109139959,G,A,R,H,0
12,109486017,T,G,F,L,0
12,109499729,G,A,R,Q,0
12,109561101,C,A,G,X,1
12,109783757,G,T,P,H,1
12,110129102,A,G,D,G,0
12,110619877,G,A,D,N,1
12,110634693,A,T,K,X,1
12,111310388,G,A,A,T,0
12,111310578,G,A,R,H,0
12,111347861,C,T,P,S,0
12,111348278,G,C,V,L,0
12,111446804,T,C,W,R,0
12,112450364,T,A,Y,N,1
12,112455998,C,T,R,X,1
12,112911116,G,T,D,Y,0
12,114355846,C,T,V,M,0
12,114355932,G,T,P,H,0
12,114403784,G,A,P,S,0
12,115975540,C,T,V,I,0
12,115983465,G,A,A,V,0
12,115984243,C,T,G,S,0
12,115984329,C,T,R,H,0
12,115991153,A,T,D,E,0
12,115991376,A,G,I,T,0
12,115991886,G,A,T,M,0
12,115996627,T,C,M,V,0
12,116005987,C,T,R,Q,0
12,116008648,G,A,L,F,0
12,116008849,T,C,S,G,0
12,117471192,G,A,S,L,0
12,119728561,G,A,R,X,1
12,119825199,G,C,S,C,0
12,119825200,A,C,S,A,0
12,119876149,C,T,G,E,0
12,120978769,A,C,M,L,1
12,120978770,T,C,M,T,1
12,120978784,A,T,S,C,1
12,120978785,G,A,S,N,1
12,120978793,C,T,Q,X,1
12,120978796,A,C,T,P,1
12,120978802,C,G,L,V,1
12,120978802,C,T,L,F,1
12,120978803,T,G,L,R,1
12,120978826,G,A,G,R,1
12,120978826,G,C,G,R,1
12,120978827,G,A,G,E,1
12,120978827,G,C,G,A,1
12,120978845,T,C,L,P,1
12,120978850,C,T,Q,X,1
12,120978862,G,T,E,X,1
12,120978866,C,T,P,L,1
12,120978889,G,T,E,X,1
12,120978985,G,T,E,X,1
12,120979027,A,T,K,X,1
12,120979087,C,A,L,I,1
12,120979088,T,C,L,P,1
12,120979088,T,G,L,R,1
12,120988864,A,G,K,E,1
12,120988866,G,C,K,N,1
12,120988873,C,G,L,V,1
12,120988894,C,T,Q,X,1
12,120988903,G,A,V,M,1
12,120988931,C,T,S,F,1
12,120988933,C,T,H,Y,1
12,120988935,C,G,H,Q,1
12,120988981,C,G,R,G,1
12,120989017,C,G,R,G,1
12,120993600,C,A,R,S,1
12,120993600,C,T,R,C,1
12,120993612,G,T,G,C,1
12,120993654,C,T,Q,X,1
12,120993678,C,G,R,G,1
12,120993679,G,C,R,P,1
12,120993688,T,C,L,P,1
12,120993702,A,C,N,H,1
12,120993702,A,G,N,D,1
12,120993703,A,G,N,S,1
12,120994171,T,C,C,R,1
12,120994171,T,G,C,G,1
12,120994186,G,T,V,L,1
12,120994187,T,G,V,G,1
12,120994216,T,A,S,T,0
12,120994229,C,A,T,K,1
12,120994229,C,G,T,R,1
12,120994231,G,A,E,K,1
12,120994238,G,T,R,L,1
12,120994252,T,A,F,I,1
12,120994252,T,C,F,L,1
12,120994261,C,G,R,G,1
12,120994264,C,A,R,S,1
12,120996569,C,G,P,R,1
12,120999310,C,A,T,K,0
12,120999322,C,T,P,L,1
12,121001076,A,G,S,G,0
12,121001077,G,T,S,I,1
12,121001112,G,A,G,S,0
12,121810599,C,T,P,S,0
12,121823164,A,G,M,V,0
12,121827556,G,A,R,Q,1
12,122249880,T,G,I,L,0
12,123696438,C,T,R,X,1
12,124333173,C,T,V,M,0
12,124814996,C,T,V,I,0
12,124815013,G,A,S,L,0
12,124863717,C,T,G,S,0
12,124950034,C,T,R,Q,0
12,124950442,C,T,R,Q,0
12,124953970,T,C,S,G,0
12,124982612,C,T,M,I,0
12,131929767,G,A,W,X,1
12,131932289,C,T,Q,X,1
12,131939191,C,T,Q,X,1
12,131941663,A,T,K,X,1
12,132621323,T,C,I,T,0
12,132621932,C,T,A,V,0
12,132727387,C,G,G,A,0
12,132730003,C,T,R,H,0
12,132730124,C,T,E,K,0
12,132754951,G,A,H,Y,0
13,20051478,C,T,R,X,1
13,20067325,C,T,R,X,1
13,20082034,C,T,R,X,1
13,20143063,G,A,R,C,1
13,20143138,C,G,D,H,1
13,20189126,G,C,Y,X,1
13,20189478,A,C,I,S,1
13,23203786,G,A,W,X,1
13,23203822,T,A,L,X,1
13,23234675,T,G,L,X,1
13,23295420,G,T,E,X,1
13,23320639,T,G,L,X,1
13,23330526,C,T,W,X,1
13,23331430,G,C,S,X,1
13,23331770,T,A,R,X,1
13,23332152,G,C,Y,X,1
13,23332976,G,A,Q,X,1
13,23334107,C,A,V,L,0
13,23335160,G,A,R,X,1
13,23335292,T,A,K,X,1
13,23335769,G,A,R,C,1
13,23336624,C,A,E,X,1
13,23337226,G,T,P,Q,1
13,23339959,T,C,N,S,0
13,23340040,C,T,W,X,1
13,23340131,G,A,Q,X,1
13,23340392,C,A,E,X,1
13,23340889,A,C,L,X,1
13,23354805,T,A,K,X,1
13,23355786,G,A,R,C,1
13,23837633,T,C,S,G,0
13,23862336,C,T,R,Q,0
13,25577113,G,A,R,Q,0
13,27920302,G,A,G,D,0
13,31317641,C,A,Y,X,1
13,32319101,G,C,W,S,1
13,32326119,T,A,C,X,1
13,32326566,C,A,S,X,1
13,32332634,G,T,E,X,1
13,32333015,A,T,K,X,1
13,32333166,G,A,W,X,1
13,32333183,C,T,Q,X,1
13,32336292,G,A,S,N,0
13,32336487,G,T,C,F,0
13,32336501,C,T,Q,X,1
13,32336525,A,T,K,X,1
13,32336528,A,T,K,X,1
13,32336598,A,G,Y,C,0
13,32337057,T,C,L,P,0
13,32337164,C,T,Q,X,1
13,32337393,C,G,S,X,1
13,32337827,G,T,E,X,1
13,32338150,T,A,C,X,1
13,32338454,A,T,K,X,1
13,32338481,G,T,G,X,1
13,32338499,G,T,E,X,1
13,32338876,G,C,Q,H,0
13,32338964,G,T,E,X,1
13,32339088,T,G,L,X,1
13,32339164,C,A,N,K,0
13,32339186,G,A,V,M,0
13,32339572,T,G,Y,X,1
13,32339837,A,G,K,E,0
13,32340137,G,C,E,Q,0
13,32340163,G,T,M,I,0
13,32340561,T,C,L,S,0
13,32341013,G,T,E,X,1
13,32341181,C,G,P,A,0
13,32357825,T,G,Y,X,1
13,32379389,C,T,Q,X,1
13,32379412,G,C,K,N,0
13,32379419,G,T,E,X,1
13,32398212,T,A,C,X,1
13,34942938,A,G,S,G,0
13,35050378,G,T,D,Y,1
13,35118440,A,C,M,L,0
13,35161763,G,A,R,Q,0
13,35208737,A,T,S,C,0
13,40799237,C,G,S,X,1
13,47949492,G,A,R,W,1
13,47954249,T,C,D,G,1
13,48342707,G,T,E,X,1
13,48379623,C,G,Y,X,1
13,48459769,G,A,W,X,1
13,48465094,C,T,Q,X,1
13,48465299,C,G,S,X,1
13,48476782,C,A,P,T,0
13,49567209,G,A,A,V,0
13,50929510,C,T,Q,X,1
13,50934894,C,T,Q,X,1
13,51934925,C,T,W,X,1
13,51934959,G,A,Q,X,1
13,51935010,C,A,E,X,1
13,51937338,C,G,R,T,1
13,51937570,T,A,N,I,1
13,51942516,G,C,F,L,1
13,51944146,T,C,H,R,1
13,51944212,T,A,D,V,1
13,51944290,A,T,I,K,1
13,51946315,T,G,K,T,1
13,51946334,G,A,Q,X,1
13,51946373,T,C,T,A,1
13,51949720,A,T,L,X,1
13,51950132,C,A,G,X,1
13,51958367,G,T,P,T,1
13,51960161,C,T,C,Y,1
13,51960320,C,T,W,X,1
13,51968474,G,T,Y,X,1
13,51970666,G,A,Q,X,1
13,51974034,C,A,E,X,1
13,51975012,G,A,Q,X,1
13,59970992,T,C,S,G,0
13,72795504,A,G,I,V,0
13,77000472,C,T,Q,X,1
13,77000879,T,G,Y,X,1
13,77000882,G,A,W,X,1
13,100111874,G,T,E,X,1
13,100301590,G,A,R,Q,1
13,100425717,C,T,Q,X,1
13,101083741,C,T,A,T,1
13,101144842,G,A,R,X,1
13,101376826,C,T,R,Q,1
13,101376978,G,A,R,X,1
13,101395266,C,A,V,L,0
13,102733611,C,T,A,T,0
13,102807511,A,G,I,V,0
13,102866765,C,T,A,V,1
13,102875499,G,C,G,R,0
13,108209175,G,C,Y,X,1
13,110161286,G,A,R,X,1
13,110170576,C,T,R,H,0
13,110170697,C,T,G,R,1
13,110170705,C,G,G,A,1
13,110173962,C,A,G,V,1
13,110175229,G,A,R,X,1
13,110176966,C,T,G,S,1
13,110183066,C,G,R,S,0
13,110183229,C,T,G,R,1
13,110183247,G,C,P,A,0
13,110187164,C,A,G,C,1
13,110192248,C,T,G,D,1
13,110208877,A,C,L,X,1
13,110211909,G,A,P,L,0
13,110462356,A,G,D,G,0
13,110467052,G,C,G,A,0
13,110469301,G,A,R,H,0
13,110472944,G,A,R,Q,0
13,110504245,G,T,Q,H,0
13,110506462,C,T,R,C,0
13,110622271,T,A,N,K,0
13,110634720,C,T,R,W,0
13,113094555,G,A,D,N,0
13,113116777,T,C,C,R,1
13,113118541,G,A,V,M,1
13,114324326,G,T,V,F,0
14,20448965,G,A,R,X,1
14,20474489,C,T,R,X,1
14,20474534,C,T,Q,X,1
14,21327637,A,G,T,A,0
14,21385887,A,G,M,T,0
14,21385928,C,T,M,I,0
14,21394187,C,T,D,N,0
14,21397890,G,A,R,X,1
14,21400054,G,A,R,X,1
14,21400599,G,A,R,X,1
14,21401041,G,A,R,X,1
14,21408316,G,C,S,X,1
14,22774483,G,C,Y,X,1
14,22775901,C,T,W,X,1
14,22778797,C,A,E,X,1
14,22813311,G,A,Q,X,1
14,22836839,C,T,P,S,0
14,22843385,G,A,D,N,0
14,23119022,G,A,R,X,1
14,24103782,G,A,A,T,0
14,24249390,C,T,G,R,0
14,24254222,C,T,V,I,0
14,24254287,A,C,L,X,1
14,24254692,C,T,R,H,1
14,24258569,T,A,K,X,1
14,24259768,C,T,R,Q,0
14,24259942,G,A,Q,X,1
14,24259972,G,A,Q,X,1
14,24260002,A,G,S,P,1
14,24260600,G,A,Q,X,1
14,24262142,G,A,R,X,1
14,28767822,G,C,K,N,1
14,28767838,A,G,N,D,1
14,28767844,C,T,L,F,1
14,28767860,T,G,I,S,1
14,28767881,G,C,R,P,1
14,28768100,G,C,R,P,1
14,30889762,T,C,C,R,1
14,31562176,G,T,A,S,0
14,36517757,G,A,R,C,1
14,36517858,C,G,R,P,1
14,36517865,C,A,E,X,1
14,36517872,G,T,Y,X,1
14,36519057,G,A,Q,X,1
14,36519198,G,A,Q,X,1
14,36813976,C,T,D,N,0
14,45154726,C,T,R,X,1
14,45173154,C,T,R,X,1
14,45176382,C,T,Q,X,1
14,45176652,G,T,E,X,1
14,45181477,C,T,R,X,1
14,45196277,A,T,K,X,1
14,49633568,T,G,N,H,0
14,50118741,T,C,H,R,0
14,50130647,C,T,C,Y,0
14,50150172,T,G,Q,H,0
14,50160072,G,A,P,L,0
14,50188567,C,T,R,Q,0
14,50269166,A,C,Y,X,1
14,50269239,C,T,R,Q,0
14,50591583,A,C,T,P,1
14,50757071,C,T,G,E,0
14,50757656,T,G,Q,P,0
14,54902401,C,A,R,L,1
14,58487028,C,G,P,A,0
14,63995198,A,G,H,R,0
14,64767348,T,C,E,G,1
14,64774497,G,A,R,X,1
14,64775232,G,A,R,X,1
14,64779907,G,A,R,X,1
14,64784313,C,T,W,X,1
14,64793385,G,A,Q,X,1
14,64793751,G,A,R,X,1
14,64796649,G,A,Q,X,1
14,64799787,G,A,Q,X,1
14,64803609,G,A,Q,X,1
14,64805031,G,A,R,X,1
14,64823055,G,A,P,S,0
14,65101554,G,A,Q,X,1
14,65616075,A,C,K,Q,0
14,65669445,C,A,T,K,0
14,67724537,A,G,T,A,1
14,67724550,C,A,T,K,1
14,67725104,C,T,R,X,1
14,67725137,G,C,G,R,1
14,67725189,T,C,L,P,1
14,67727037,C,G,R,G,1
14,67761570,G,T,Y,X,1
14,67762687,G,T,Y,X,1
14,67785200,G,A,Q,X,1
14,67798291,G,C,Y,X,1
14,67885931,T,G,L,W,0
14,68884815,T,C,N,S,0
14,68909332,C,T,G,R,0
14,73170983,T,A,C,S,1
14,73192840,A,C,I,L,1
14,73955501,C,T,R,X,1
14,73961308,C,T,R,X,1
14,74292581,G,A,T,M,0
14,75047476,C,T,S,N,0
14,75047741,G,T,Q,K,0
14,75734030,C,G,S,X,1
14,75783416,A,G,T,A,0
14,76082631,G,A,R,Q,0
14,77026100,G,A,Q,X,1
14,77027444,G,A,Q,X,1
14,77288778,G,A,R,X,1
14,77301120,C,T,W,X,1
14,77320555,T,A,K,X,1
14,77442651,G,A,R,X,1
14,87934877,C,A,G,V,1
14,87941476,C,A,G,C,1
14,87941493,G,T,A,E,1
14,87947767,G,A,Q,X,1
14,87986535,C,T,W,X,1
14,87986582,T,A,M,L,1
14,87988483,C,T,R,H,1
14,88839563,C,T,Q,X,1
14,88841494,C,T,Q,X,1
14,88853023,G,A,W,X,1
14,91272806,G,A,P,L,0
14,91338082,C,A,V,L,0
14,92005365,G,A,R,X,1
14,92025408,T,C,K,E,0
14,94378528,G,C,P,R,1
14,94380941,T,A,K,X,1
14,95103993,G,A,Q,X,1
14,95105689,G,A,Q,X,1
14,95115732,A,T,Y,X,1
14,95117622,C,G,E,D,1
14,95124624,C,T,W,X,1
14,95131622,G,A,Q,X,1
14,99175353,C,T,A,T,0
14,99257605,G,A,P,L,0
14,99909370,C,T,A,V,0
14,99914611,T,C,S,P,0
14,100276643,T,C,F,L,1
14,100277479,G,A,R,Q,1
14,101925240,G,C,A,P,0
14,101979951,C,A,R,S,1
14,101980380,G,C,R,P,1
14,101986674,G,A,A,T,0
14,101995047,G,A,G,E,1
14,102005130,C,T,A,V,0
14,102006048,A,G,K,R,0
14,102012336,G,A,E,K,1
14,102016349,C,T,R,X,1
14,102032404,G,A,R,H,1
14,102034136,G,A,R,H,1
14,102048580,G,A,R,H,0
14,103563105,G,A,R,K,0
14,104707476,G,C,E,D,0
14,104712542,G,A,E,K,0
14,104713464,G,T,K,N,0
14,104939102,T,G,D,A,0
14,104947275,C,T,G,S,0
14,104947476,T,C,R,G,0
14,104949765,C,A,V,L,0
14,104952107,G,A,A,V,0
14,104952357,G,C,L,V,0
14,105314962,C,T,A,V,0
14,105348554,T,G,S,A,0
14,105367342,A,G,T,A,0
14,105379800,G,A,A,T,0
14,105379803,C,T,R,C,0
14,105380970,C,T,P,L,0
14,105381036,C,T,T,M,0
14,105383474,G,A,D,N,0
14,105384461,C,T,A,V,0
14,105391685,C,T,P,L,0
14,105391700,C,T,A,V,0
14,105392681,C,T,A,V,0
14,105392798,C,T,T,M,0
14,105393257,G,T,V,L,0
14,105394643,A,G,I,V,0
15,23644355,C,T,D,N,0
15,23644697,G,A,P,S,0
15,23645737,T,A,Q,L,0
15,23646979,G,A,P,L,0
15,23647702,G,T,P,Q,0
15,26548065,C,T,G,S,0
15,26560933,C,T,R,Q,0
15,26561101,T,C,K,R,1
15,26772699,G,C,L,V,1
15,26772944,C,T,G,R,0
15,26943239,C,T,T,M,1
15,26948048,T,G,S,A,0
15,27851397,C,G,G,R,1
15,27851397,C,T,G,S,1
15,27957724,C,T,E,K,1
15,27985079,G,A,T,M,1
15,27989605,C,A,G,V,1
15,27990616,C,T,G,D,1
15,28014866,C,T,M,I,0
15,28014879,A,C,V,G,1
15,28016126,T,C,R,G,1
15,28016163,A,T,Y,X,1
15,28022516,G,C,P,A,1
15,28027893,G,A,R,X,1
15,28028021,G,A,T,I,0
15,28032104,T,G,E,A,1
15,28081703,G,A,Q,X,1
15,28081835,C,T,A,T,0
15,28272283,G,A,P,S,0
15,30929290,C,T,P,S,0
15,31037739,G,A,A,V,1
15,31038095,A,T,Y,X,1
15,33065061,A,G,L,P,0
15,33153782,G,A,A,V,0
15,33153798,G,C,L,V,0
15,33154067,C,T,R,K,0
15,33154100,C,G,S,T,0
15,33154110,G,C,P,A,0
15,33154547,G,A,S,F,0
15,33154746,A,C,S,A,0
15,33662451,C,T,R,C,0
15,34236166,G,A,R,X,1
15,34241270,G,A,R,X,1
15,34244014,G,A,R,X,1
15,34254574,G,A,R,X,1
15,36950385,C,T,E,K,1
15,38299488,C,T,Q,X,1
15,38351555,C,T,A,V,0
15,38494599,A,G,I,T,0
15,40185576,T,C,I,T,0
15,40405936,G,A,D,N,1
15,40407696,G,A,D,N,1
15,40410774,C,T,Q,X,1
15,40411270,G,C,G,A,1
15,40414936,A,G,S,G,1
15,40471271,C,T,R,W,0
15,41016167,A,C,V,G,0
15,41047499,T,C,I,V,0
15,41387503,G,C,H,D,0
15,41813720,C,G,L,V,0
15,41821624,C,G,S,C,0
15,41823549,G,C,R,P,0
15,42388956,G,T,G,C,1
15,42389038,T,G,M,R,1
15,42392659,T,A,Y,X,1
15,42399641,G,T,R,L,1
15,42408313,C,T,Q,X,1
15,42727671,C,T,A,T,0
15,42753216,G,C,T,R,0
15,42998252,C,A,A,S,0
15,43376518,C,T,Q,X,1
15,43401788,C,T,R,X,1
15,44564560,C,A,E,X,1
15,44622220,C,T,R,K,1
15,44651796,C,T,W,X,1
15,45065303,C,A,A,D,1
15,45072336,A,C,N,T,0
15,45094245,C,T,G,S,1
15,45100173,G,A,R,X,1
15,45103960,C,T,R,Q,1
15,45103979,C,T,E,K,1
15,45106172,G,A,R,X,1
15,45106600,G,A,R,X,1
15,45107432,G,A,R,X,1
15,45109562,G,A,S,L,0
15,45362143,C,T,R,Q,1
15,45368116,C,T,W,X,1
15,45368192,C,G,A,P,1
15,45410494,T,G,I,M,1
15,45418654,G,T,G,V,1
15,48121919,C,T,Q,X,1
15,48207942,C,T,Q,X,1
15,48208101,C,T,R,X,1
15,48244768,G,A,R,Q,1
15,48259252,G,A,D,N,0
15,48288129,C,T,Q,X,1
15,48415540,G,A,Q,X,1
15,48415675,G,A,Q,X,1
15,48421982,C,A,G,X,1
15,48421989,A,C,C,W,1
15,48421995,G,T,C,X,1
15,48425374,C,T,C,Y,1
15,48430727,T,C,Y,C,1
15,48430770,A,C,C,G,1
15,48432910,C,G,C,S,1
15,48432976,C,T,C,Y,1
15,48434705,C,A,E,X,1
15,48436967,A,C,C,G,1
15,48437784,G,C,C,W,1
15,48437872,C,T,C,Y,1
15,48441764,A,C,C,W,1
15,48441834,C,T,C,Y,1
15,48441838,C,T,E,K,1
15,48444579,C,A,C,F,1
15,48445421,A,T,C,S,1
15,48446753,C,T,C,Y,1
15,48448882,A,G,C,R,1
15,48452655,A,G,C,R,1
15,48463904,C,A,C,F,1
15,48465646,A,G,C,R,1
15,48468001,A,G,C,R,1
15,48468503,G,C,C,W,1
15,48470684,C,T,C,Y,1
15,48472632,G,A,Q,X,1
15,48474299,C,T,C,Y,1
15,48474344,C,T,C,Y,1
15,48483862,C,T,C,Y,1
15,48485483,G,T,C,X,1
15,48489970,C,T,W,X,1
15,48492539,A,G,C,R,1
15,48495130,G,T,C,X,1
15,48495519,C,A,C,F,1
15,48496145,A,G,C,R,1
15,48503905,G,C,Y,X,1
15,48505102,C,T,C,Y,1
15,48508582,C,T,D,N,1
15,48508673,G,C,C,W,1
15,48596324,C,T,C,Y,1
15,48613058,A,G,C,R,1
15,48644643,T,A,K,X,1
15,48741617,G,C,S,R,0
15,48744915,G,C,L,V,0
15,51227887,G,A,R,X,1
15,51474367,C,T,R,Q,0
15,51499362,A,G,S,P,0
15,51536265,T,C,T,A,0
15,51537615,G,A,T,M,0
15,52397434,T,G,E,D,0
15,55340661,G,T,W,L,0
15,55354964,A,G,S,G,0
15,55498320,G,A,Q,X,1
15,57232327,C,A,S,X,1
15,57232832,A,G,I,V,0
15,57253268,C,T,R,X,1
15,61910283,C,T,S,N,0
15,61917535,C,T,V,I,0
15,61920099,C,T,R,H,0
15,61922408,C,T,V,M,0
15,61931104,C,G,E,D,0
15,61934224,T,G,N,H,0
15,61950998,T,C,I,V,0
15,61961592,T,C,Y,C,0
15,61962790,T,C,I,V,0
15,61967438,C,T,R,K,0
15,62023836,C,T,R,H,0
15,63057036,G,A,E,K,1
15,63645010,C,G,E,D,0
15,63658688,G,A,S,F,0
15,63678257,T,C,I,V,0
15,63678329,G,A,R,X,1
15,63689654,T,C,T,A,0
15,63689696,C,T,V,I,0
15,63690546,C,A,A,S,0
15,63696158,C,G,G,A,0
15,63696201,G,C,L,V,0
15,63729277,T,G,K,T,0
15,63733024,T,C,N,S,0
15,63749706,G,C,A,G,0
15,63775396,G,C,D,E,0
15,64409675,G,A,W,X,1
15,64418675,G,C,W,C,0
15,64424059,C,A,H,N,0
15,64980971,G,A,R,X,1
15,65023738,A,G,V,A,0
15,65029613,T,G,M,L,1
15,65077985,G,T,K,N,1
15,65639613,C,T,R,X,1
15,67066157,G,A,M,I,1
15,67187494,G,A,W,X,1
15,68208308,G,C,D,E,1
15,68229582,C,T,M,I,1
15,69440981,G,A,V,M,0
15,71811495,C,A,S,X,1
15,71812409,C,A,C,X,1
15,71814042,T,C,V,A,1
15,71814059,C,T,Q,X,1
15,71817671,T,A,M,K,1
15,71898925,C,T,G,E,0
15,72347734,A,C,Y,X,1
15,72686237,G,T,E,X,1
15,72712274,C,T,Q,X,1
15,72735898,C,T,Q,X,1
15,72736777,C,T,Q,X,1
15,72736888,C,T,Q,X,1
15,73329709,G,A,A,V,1
15,73343533,T,C,Y,C,1
15,74181385,G,A,R,X,1
15,74343924,G,A,R,X,1
15,74891485,C,G,S,X,1
15,74896199,C,T,Q,X,1
15,75392290,G,A,R,X,1
15,75401967,G,A,R,X,1
15,78111167,G,A,R,W,1
15,78478323,A,G,M,V,0
15,78487762,T,C,I,T,0
15,78497192,A,G,I,V,0
15,80158100,T,C,L,P,1
15,80160423,C,T,Q,X,1
15,80173052,C,A,P,T,1
15,80186152,C,G,Y,X,1
15,80591684,G,A,G,S,0
15,82220088,C,G,E,D,0
15,82851201,T,C,I,V,0
15,82854657,C,T,R,Q,0
15,84643606,T,C,D,G,0
15,84645608,C,T,R,H,0
15,84839959,T,A,L,X,1
15,84840219,G,A,A,T,0
15,84840351,C,T,Q,X,1
15,84857193,C,T,R,X,1
15,84858078,C,T,R,X,1
15,84858091,C,T,A,V,0
15,84858510,C,T,Q,X,1
15,84859309,G,A,W,X,1
15,84862718,C,T,R,X,1
15,88838898,C,A,D,E,0
15,88840049,C,A,Y,X,1
15,88845663,A,G,I,V,0
15,88847282,C,T,S,L,0
15,88847402,G,A,R,Q,0
15,88849458,C,A,R,S,0
15,88849587,G,A,A,T,0
15,88855176,C,T,P,L,0
15,88855322,C,A,P,T,0
15,88856222,G,A,A,T,0
15,88857878,A,G,I,V,0
15,88860405,C,A,C,X,1
15,88872016,C,G,D,E,0
15,88874007,A,G,Q,R,0
15,89261645,A,T,R,X,1
15,89263426,C,T,Q,X,1
15,89273380,G,T,G,X,1
15,89274190,C,A,S,X,1
15,89274243,C,T,Q,X,1
15,89294925,C,T,Q,X,1
15,89295093,C,T,R,X,1
15,89299900,C,T,Q,X,1
15,89305240,C,T,Q,X,1
15,89316421,C,T,Q,X,1
15,89317389,G,C,Y,X,1
15,89325679,G,A,R,W,1
15,89633781,G,A,Q,X,1
15,89645145,G,A,R,X,1
15,89649187,C,A,R,L,0
15,90747475,C,G,S,X,1
15,90749729,G,A,W,X,1
15,90749914,G,T,E,X,1
15,90754905,G,T,E,X,1
15,90760865,A,T,K,X,1
15,90760888,G,A,W,X,1
15,90761238,C,G,S,X,1
15,90769441,G,T,G,X,1
15,90782861,T,A,Y,X,1
15,90798260,C,A,S,X,1
15,90803672,T,A,Y,X,1
15,90804286,C,A,C,X,1
15,90809224,C,G,S,X,1
15,91000552,G,A,R,X,1
15,91014396,G,A,R,X,1
15,91022166,A,T,Y,X,1
15,92956583,C,T,T,M,1
15,92974909,C,T,R,X,1
15,98649597,G,A,G,R,0
15,98896896,C,T,R,X,1
15,100402757,T,C,R,G,0
15,100456011,T,C,H,R,0
15,100501716,T,C,Y,C,0
15,101065877,G,A,A,T,0
15,101177683,C,T,R,Q,0
15,101178034,C,G,R,T,0
15,101178722,G,A,P,S,0
16,89901,G,A,T,I,0
16,98171,G,A,Q,X,1
16,119170,G,A,R,X,1
16,177011,G,C,G,R,1
16,574114,A,G,T,A,0
16,854551,G,C,P,R,0
16,870035,G,A,Q,X,1
16,870733,C,T,G,R,0
16,879572,G,A,Q,X,1
16,954385,T,C,M,V,0
16,954501,G,C,S,X,1
16,970874,C,T,G,D,0
16,1201768,C,T,H,Y,0
16,1201945,G,A,G,S,0
16,1209056,G,A,A,T,0
16,1212523,G,A,S,N,0
16,1218639,G,A,G,S,0
16,1456173,G,A,R,W,1
16,1495447,A,G,Q,R,0
16,1497493,T,C,V,A,0
16,1505588,A,G,Q,R,0
16,1511014,C,T,R,H,0
16,1523884,G,A,R,X,1
16,1526696,G,A,R,X,1
16,1564026,G,A,Q,X,1
16,1580770,G,A,R,X,1
16,1580782,G,A,R,X,1
16,1586138,G,A,Q,X,1
16,1586246,G,A,R,X,1
16,1766342,G,A,G,R,0
16,1954072,C,T,G,D,1
16,1961811,G,A,A,T,0
16,2039956,G,A,Q,X,1
16,2040188,T,A,K,X,1
16,2043586,C,T,W,X,1
16,2043684,G,A,Q,X,1
16,2044634,C,T,W,X,1
16,2046226,G,A,Q,X,1
16,2046283,T,A,K,X,1
16,2047813,A,T,L,X,1
16,2057169,T,C,M,T,1
16,2058829,T,C,S,P,0
16,2060768,G,A,W,X,1
16,2062515,C,G,L,V,0
16,2080227,A,G,T,A,0
16,2088303,A,C,H,P,1
16,2089918,G,A,Q,X,1
16,2090356,G,A,Q,X,1
16,2091003,G,A,Q,X,1
16,2091024,G,A,Q,X,1
16,2091580,A,G,L,P,1
16,2091861,G,C,Y,X,1
16,2093978,C,A,A,S,0
16,2097465,C,T,W,X,1
16,2097780,G,A,Q,X,1
16,2097917,G,T,S,X,1
16,2100294,C,T,W,X,1
16,2100402,T,C,N,D,1
16,2102535,T,C,Q,R,1
16,2103713,C,T,V,M,0
16,2104617,C,T,R,H,0
16,2105417,G,A,Q,X,1
16,2105912,G,A,Q,X,1
16,2107888,G,A,Q,X,1
16,2108296,G,A,Q,X,1
16,2108695,G,A,Q,X,1
16,2108761,G,A,Q,X,1
16,2108983,G,A,Q,X,1
16,2109052,G,A,Q,X,1
16,2109127,G,A,Q,X,1
16,2109160,C,T,A,T,0
16,2109244,G,A,Q,X,1
16,2109285,G,A,A,V,0
16,2109384,G,C,P,R,0
16,2109772,G,A,Q,X,1
16,2110616,G,C,Y,X,1
16,2110780,G,A,Q,X,1
16,2111031,T,C,E,G,0
16,2114316,T,C,S,G,0
16,2114910,G,A,Q,X,1
16,2115488,G,A,Q,X,1
16,2115572,G,A,Q,X,1
16,2117577,G,A,Q,X,1
16,2118298,A,G,C,R,1
16,2118389,G,C,H,Q,0
16,2118412,C,T,A,T,0
16,2118426,G,C,S,X,1
16,2168089,G,A,S,N,0
16,2175880,C,T,S,F,1
16,2278945,G,C,Y,X,1
16,2281191,C,T,V,M,1
16,2286827,A,G,S,P,1
16,2319711,G,A,P,L,1
16,2319832,G,A,R,W,1
16,3256551,G,C,L,V,0
16,3583413,C,A,E,X,1
16,3589722,G,A,Q,X,1
16,3591169,C,T,W,X,1
16,3591254,G,C,S,X,1
16,3597621,G,A,R,X,1
16,3727791,G,A,A,V,0
16,3727792,C,T,A,T,0
16,3728319,G,A,A,V,0
16,3728391,G,A,A,V,0
16,3729489,T,G,Q,P,1
16,3731304,G,A,S,F,1
16,3738613,G,A,T,I,1
16,3739618,C,T,V,I,0
16,3757901,G,A,R,X,1
16,3758916,G,A,R,X,1
16,3767765,C,A,G,C,0
16,3769238,G,A,T,M,0
16,3769254,C,T,V,M,0
16,3770604,G,A,P,L,0
16,3774613,T,C,M,V,0
16,3782764,G,A,T,M,0
16,3850713,A,G,S,P,0
16,3850845,G,T,P,T,0
16,3850872,G,A,R,X,1
16,4340357,G,T,Q,K,0
16,4341462,C,T,R,Q,0
16,5071857,C,A,A,D,0
16,5073161,C,T,R,X,1
16,5073205,C,G,Y,X,1
16,5077503,C,T,R,X,1
16,8804816,C,A,Y,X,1
16,8811122,C,G,P,A,1
16,8813040,C,A,Y,X,1
16,8813070,T,G,Y,X,1
16,8847751,G,A,D,N,1
16,8847797,G,C,R,P,1
16,8897006,T,G,K,Q,0
16,8898575,G,A,Q,X,1
16,9763529,T,C,K,E,0
16,9763629,G,C,S,R,0
16,9768993,G,A,A,V,1
16,9769012,G,T,L,M,1
16,9829598,A,T,L,Q,1
16,9840766,G,A,S,L,1
16,9849883,G,C,P,A,0
16,10543588,T,C,I,V,0
16,13926751,G,A,W,X,1
16,16154643,C,T,R,Q,0
16,16155027,C,T,G,D,1
16,16165635,G,T,Y,X,1
16,16177500,T,C,M,V,0
16,16187192,C,T,R,H,1
16,16198104,G,A,R,W,1
16,17108900,C,T,R,Q,0
16,17117688,C,T,V,I,0
16,17134506,G,A,T,M,0
16,17138468,G,A,R,C,1
16,17259233,G,C,A,G,0
16,19067714,C,T,P,L,0
16,23377194,G,A,V,M,0
16,23614025,A,T,C,X,1
16,23621417,G,A,Q,X,1
16,23621471,C,A,E,X,1
16,23622970,C,A,G,X,1
16,23626267,C,T,W,X,1
16,23626349,T,A,R,X,1
16,23629212,C,A,E,X,1
16,23629804,T,A,K,X,1
16,23629857,G,C,S,X,1
16,23629879,G,A,Q,X,1
16,23630116,C,A,G,X,1
16,23630296,C,A,G,X,1
16,23630350,G,A,Q,X,1
16,23630355,A,C,L,X,1
16,23630414,A,C,Y,X,1
16,23630429,C,T,W,X,1
16,23634936,G,T,S,X,1
16,23634943,T,C,S,G,0
16,23635003,T,A,K,X,1
16,23635010,G,C,Y,X,1
16,23635358,G,T,C,X,1
16,23635525,C,A,E,X,1
16,23635584,A,C,L,X,1
16,23635666,T,A,K,X,1
16,23635672,G,A,Q,X,1
16,23636011,G,A,Q,X,1
16,23636014,C,A,E,X,1
16,23636266,C,A,E,X,1
16,23637852,G,C,S,X,1
16,23638120,T,A,K,X,1
16,23641156,A,C,M,R,1
16,24570235,G,A,R,H,0
16,24777324,T,A,N,K,0
16,27708880,C,T,T,M,0
16,27740176,G,A,E,K,0
16,27740813,A,G,D,G,0
16,27749719,C,T,P,L,0
16,27769988,G,A,R,Q,0
16,28486472,C,T,W,X,1
16,28486473,C,T,W,X,1
16,28489386,C,T,W,X,1
16,28871920,A,G,T,A,0
16,28902629,C,A,Y,X,1
16,29799706,T,A,S,T,0
16,29802827,G,A,D,N,0
16,29987657,G,A,V,I,0
16,30709712,C,G,P,R,0
16,30723158,C,G,A,G,0
16,30724277,C,T,A,V,0
16,30724681,C,G,P,A,0
16,30729225,T,C,I,T,0
16,30729431,C,T,P,S,0
16,30734550,G,A,V,M,0
16,30737890,C,T,P,L,0
16,30738427,T,C,M,T,0
16,30739602,C,T,R,C,0
16,30756623,C,T,R,C,1
16,30964953,G,A,R,H,0
16,30969344,C,T,P,L,0
16,31000994,G,A,Q,X,1
16,31182521,C,T,A,V,0
16,31182593,G,C,G,A,0
16,31191022,C,T,R,W,0
16,46661807,T,G,N,H,0
16,46748030,C,T,R,Q,0
16,47596453,C,T,R,X,1
16,51137422,G,A,A,V,0
16,51138912,G,C,P,A,0
16,51140657,G,A,T,M,0
16,51141621,G,A,Q,X,1
16,53645786,T,C,H,R,0
16,53649029,G,A,R,X,1
16,53652594,A,C,L,X,1
16,53652782,A,C,Y,X,1
16,53658443,C,A,E,X,1
16,53687896,A,C,L,X,1
16,54933184,C,A,P,T,0
16,56192579,G,A,G,R,1
16,56192610,A,G,Q,R,1
16,56514472,G,T,S,X,1
16,56514589,C,T,S,N,0
16,56865323,G,T,E,X,1
16,56867121,G,T,E,X,1
16,56867190,C,T,R,C,1
16,56869737,T,C,W,R,1
16,56869756,C,T,S,L,1
16,56870120,G,C,R,P,1
16,56872445,G,C,G,A,1
16,56872445,G,T,G,V,1
16,56872459,C,T,R,W,1
16,56872691,C,T,R,W,1
16,56878156,C,T,T,I,1
16,56879153,T,G,C,G,1
16,56879154,G,A,C,Y,1
16,56879180,T,A,C,S,1
16,56879594,G,A,G,E,1
16,56880253,G,A,A,T,1
16,56884053,G,A,W,X,1
16,56884121,T,A,M,K,1
16,56885283,C,G,S,W,1
16,56887932,G,T,G,V,1
16,56887959,T,G,L,R,1
16,56894564,G,A,R,H,1
16,56899555,C,T,R,X,1
16,56902469,G,A,W,X,1
16,56904404,C,T,Q,X,1
16,56904438,C,T,S,F,1
16,57659612,C,T,R,X,1
16,57753132,G,A,R,H,0
16,57753450,C,T,R,C,0
16,57753948,G,A,R,Q,0
16,57755141,C,G,P,R,0
16,57755376,T,C,V,A,0
16,57756860,G,A,G,S,0
16,57931779,G,A,P,L,0
16,58558506,T,C,S,G,0
16,58709550,A,C,V,G,0
16,64991815,G,A,T,M,0
16,66513807,T,C,Y,C,1
16,66529028,C,T,A,T,1
16,67436602,G,A,V,M,0
16,67611509,A,G,Y,C,1
16,67616817,G,A,R,H,1
16,67620712,C,T,R,C,1
16,67620713,G,A,R,H,1
16,67620743,C,T,P,L,1
16,67621577,G,A,R,Q,1
16,67646767,C,T,R,X,1
16,67648089,C,A,S,X,1
16,67649546,A,G,I,V,0
16,67651827,A,T,D,V,0
16,67651929,G,A,R,Q,0
16,67651997,C,T,R,W,0
16,67654369,G,C,A,P,0
16,67657765,A,G,V,A,0
16,67940095,C,T,E,K,0
16,68678876,C,T,R,X,1
16,68682391,G,A,W,X,1
16,68737417,T,A,M,K,1
16,68738332,C,A,C,X,1
16,68801678,G,T,E,X,1
16,68801809,C,G,Y,X,1
16,68801815,G,A,W,X,1
16,68801891,C,T,Q,X,1
16,68808731,C,A,Y,X,1
16,68808731,C,G,Y,X,1
16,68808789,G,T,E,X,1
16,68808795,G,T,G,X,1
16,68808845,C,G,Y,X,1
16,68819283,T,G,Y,X,1
16,68819291,G,A,W,X,1
16,68822117,C,T,Q,X,1
16,68828209,A,T,R,X,1
16,68828284,G,T,G,X,1
16,68829774,G,T,E,X,1
16,69316069,C,T,A,V,1
16,69320768,A,T,R,W,1
16,70468868,T,A,F,Y,0
16,70478331,C,T,R,W,0
16,70478371,C,T,T,M,0
16,70509949,T,C,I,V,0
16,71570394,G,A,R,X,1
16,71684601,T,C,I,V,0
16,72122943,T,G,K,N,0
16,74661181,G,T,T,N,0
16,74719041,C,T,D,N,0
16,75555865,C,T,W,X,1
16,75656381,A,G,K,E,0
16,77291288,C,T,W,X,1
16,77319901,C,T,R,H,0
16,77326022,A,T,L,I,0
16,77363810,G,A,Q,X,1
16,79599470,C,T,G,S,0
16,79599718,G,A,T,M,1
16,81096217,G,A,S,L,0
16,81854573,C,T,T,M,0
16,81934517,C,G,T,S,0
16,84029525,C,G,S,T,0
16,84056026,C,T,G,S,0
16,84101767,A,G,I,T,0
16,84159711,C,T,Q,X,1
16,84462042,G,A,V,I,0
16,86511237,C,A,S,X,1
16,86511464,C,A,P,T,0
16,86568827,T,C,C,R,0
16,87334283,C,T,D,N,1
16,88428173,T,C,W,R,0
16,88429383,C,T,P,L,0
16,88430415,G,A,R,K,0
16,88430591,G,A,A,T,0
16,88430811,G,C,R,P,0
16,88431222,C,T,A,V,0
16,88431558,C,G,P,R,0
16,88432082,G,A,A,T,0
16,88432776,C,T,P,L,0
16,88433007,C,T,T,M,0
16,88433046,C,T,P,L,0
16,88433114,G,A,A,T,0
16,88434941,A,G,K,E,0
16,88435494,C,T,P,L,0
16,88435820,C,T,R,X,1
16,88436148,C,T,P,L,0
16,88436643,T,A,L,Q,0
16,88437450,C,T,P,L,0
16,88438083,T,C,I,T,0
16,88438607,C,T,R,C,0
16,88663055,G,A,A,V,0
16,88713331,A,G,M,V,0
16,88714632,A,G,Q,R,0
16,88716656,G,T,L,M,0
16,88719863,G,C,R,G,1
16,88720225,G,T,A,D,1
16,88721198,T,C,E,G,0
16,88721652,G,C,Y,X,1
16,88721827,G,A,T,M,0
16,88722282,G,A,R,C,0
16,88727163,G,A,Q,X,1
16,88733352,C,T,V,I,0
16,88734377,C,T,R,H,0
16,88735044,C,T,R,Q,0
16,88736324,G,A,Q,X,1
16,88736703,G,A,P,L,0
16,88736728,G,A,R,W,0
16,88741516,C,T,A,T,0
16,88818102,C,A,E,X,1
16,88822689,G,A,Q,X,1
16,88824769,G,A,Q,X,1
16,88826829,G,A,Q,X,1
16,88835243,C,T,G,S,1
16,88835294,G,A,Q,X,1
16,88835731,C,T,R,Q,1
16,88835732,G,A,R,X,1
16,88835764,T,C,Y,C,1
16,88835786,C,T,D,N,1
16,88835836,A,G,F,S,1
16,88836232,C,T,G,E,1
16,88841067,C,A,G,V,1
16,88841897,C,T,A,T,1
16,88841935,C,A,R,L,1
16,88842807,A,C,V,G,1
16,88856849,C,T,W,X,1
16,89100919,C,T,Q,X,1
16,89101029,G,A,W,X,1
16,89101089,T,A,Y,X,1
16,89101257,G,A,W,X,1
16,89101264,A,T,K,X,1
16,89102754,C,T,Q,X,1
16,89112160,C,A,Y,X,1
16,89112209,C,T,Q,X,1
16,89114475,G,A,V,M,0
16,89120846,C,G,S,X,1
16,89133199,G,T,E,X,1
16,89145301,G,A,W,X,1
16,89145972,G,A,W,X,1
16,89146016,C,G,S,X,1
16,89274921,G,A,R,W,1
16,89275143,G,A,Q,X,1
16,89279350,G,A,Q,X,1
16,89279398,G,A,Q,X,1
16,89279565,G,A,A,V,0
16,89279568,T,C,K,R,0
16,89279643,G,A,A,V,0
16,89279646,G,A,A,V,0
16,89279751,G,A,P,L,0
16,89280280,C,T,A,T,0
16,89280330,G,A,S,L,0
16,89280454,C,T,A,T,0
16,89280463,G,C,L,V,0
16,89280883,G,A,Q,X,1
16,89280891,G,C,S,X,1
16,89280919,C,T,V,I,0
16,89280992,G,C,Y,X,1
16,89281078,C,T,D,N,0
16,89281315,G,A,Q,X,1
16,89282078,G,T,H,Q,0
16,89282324,G,T,Y,X,1
16,89282374,C,T,G,S,0
16,89282662,C,G,E,Q,0
16,89283118,C,T,D,N,0
16,89283652,C,T,G,S,0
16,89283933,C,T,S,N,0
16,89283963,G,A,S,L,0
16,89284284,G,A,P,L,0
16,89284303,A,G,S,P,0
16,89284698,G,A,A,V,0
16,89284803,G,T,S,Y,0
16,89284807,A,C,Y,D,0
16,89284965,T,A,H,L,0
16,89285284,C,T,V,M,0
16,89285418,G,A,T,M,0
16,89286093,C,A,V,L,0
16,89286107,T,C,N,S,0
16,89524044,C,T,R,X,1
16,89532498,G,T,E,X,1
16,89546727,C,T,Q,X,1
16,89553060,C,T,Q,X,1
16,89553959,A,C,H,P,1
16,89686734,C,A,C,X,1
16,89738884,C,A,E,X,1
16,89739204,G,A,Q,X,1
16,89742802,C,A,E,X,1
16,89746619,G,A,Q,X,1
16,89749735,G,C,Y,X,1
16,89749780,C,T,W,X,1
16,89752210,A,C,Y,X,1
16,89765012,C,A,E,X,1
16,89771686,C,A,E,X,1
16,89773373,C,A,G,X,1
16,89782878,G,C,S,X,1
16,89791410,C,T,W,X,1
16,89791455,T,C,Q,R,1
16,89791939,G,A,Q,X,1
16,89792008,G,A,Q,X,1
16,89808310,G,A,Q,X,1
16,89810988,G,A,Q,X,1
16,89815879,C,A,E,X,1
16,89935623,G,A,R,H,1
17,744946,G,A,R,C,0
17,745258,C,T,D,N,0
17,745992,C,T,R,Q,0
17,746307,G,C,A,G,0
17,1730822,C,A,Y,X,1
17,1770045,C,A,S,X,1
17,3476260,G,A,W,X,1
17,3481649,G,T,E,X,1
17,3489256,C,T,P,L,1
17,3494392,T,C,I,T,1
17,3640267,G,T,E,X,1
17,3655058,C,T,Q,X,1
17,3656679,C,T,Q,X,1
17,3658162,A,G,K,R,1
17,4898877,C,T,W,X,1
17,4899296,G,T,S,X,1
17,4899512,G,A,Q,X,1
17,4899534,G,T,C,X,1
17,4900863,G,A,Q,X,1
17,4901080,G,A,R,W,1
17,4902060,G,C,Y,X,1
17,4902077,G,A,Q,X,1
17,4902266,G,A,R,X,1
17,4932662,T,G,C,G,1
17,4932773,A,G,N,D,1
17,4933038,T,C,L,P,1
17,5033603,C,T,V,M,0
17,5515479,G,A,R,C,0
17,5532943,C,T,V,M,0
17,5533965,G,A,T,I,0
17,5541923,G,A,T,M,0
17,5559959,G,C,T,S,0
17,6589878,T,C,Q,R,0
17,6610009,G,A,P,L,0
17,6612067,A,G,L,P,0
17,6612130,G,A,T,M,0
17,6612134,C,T,D,N,0
17,6620978,T,A,E,D,0
17,6624781,G,A,R,X,1
17,6628213,T,C,K,E,0
17,6628232,A,C,H,Q,0
17,7191991,G,T,C,X,1
17,7192962,G,A,R,X,1
17,7192979,G,A,T,I,1
17,7193054,C,T,R,Q,1
17,7193504,T,A,K,X,1
17,7193982,C,T,W,X,1
17,7193983,C,T,W,X,1
17,7193993,G,A,R,X,1
17,7194385,C,T,W,X,1
17,7196326,G,A,R,X,1
17,7196768,G,A,Q,X,1
17,7196903,G,A,R,X,1
17,7197048,A,T,Y,X,1
17,7203278,T,A,D,V,1
17,7203305,C,A,G,V,1
17,7203451,C,A,E,X,1
17,7203708,G,A,Q,X,1
17,7203809,G,C,S,X,1
17,7204025,C,A,E,X,1
17,7204048,G,A,T,I,0
17,7220515,A,T,K,X,1
17,7220664,C,T,P,S,1
17,7221664,C,G,L,V,1
17,7221972,T,C,C,R,1
17,7221993,G,C,G,R,1
17,7222280,A,G,R,G,1
17,7223729,C,A,S,X,1
17,7224233,C,T,Q,X,1
17,7454299,G,T,E,X,1
17,7673570,T,A,K,X,1
17,7673754,A,G,L,P,0
17,7673821,G,C,R,G,1
17,7674202,A,G,I,T,1
17,7675084,G,T,C,X,1
17,7675206,G,A,Q,X,1
17,7676048,G,C,Y,X,1
17,7676060,G,T,Y,X,1
17,7676215,G,A,Q,X,1
17,7703353,C,T,T,M,0
17,7900728,A,G,Q,R,1
17,7903290,C,T,R,W,1
17,8003890,G,T,E,X,1
17,8076244,C,T,R,H,1
17,8077036,C,A,C,F,0
17,8087372,A,G,L,P,1
17,8231364,C,A,E,X,1
17,8234520,G,A,Q,X,1
17,8243032,C,T,W,X,1
17,8248035,A,T,M,K,1
17,8248036,T,G,M,L,1
17,8313150,T,C,L,P,0
17,10523133,A,G,L,P,1
17,10529662,C,A,E,X,1
17,10535077,G,A,Q,X,1
17,10633713,C,A,E,X,1
17,10637914,G,A,R,X,1
17,10640453,C,T,G,D,1
17,11598706,C,T,P,S,0
17,11608163,G,A,R,H,0
17,11619765,A,G,Q,R,0
17,11652931,C,T,R,W,0
17,11652959,A,G,N,S,0
17,11701161,G,T,A,S,0
17,11738914,A,G,K,R,0
17,11744944,A,G,M,V,0
17,11747641,G,A,R,K,0
17,11768596,G,C,Q,H,0
17,11797787,G,A,R,H,0
17,11822469,A,G,K,R,0
17,11822491,G,T,K,N,0
17,11880154,C,A,P,T,0
17,12998443,G,A,R,X,1
17,16940405,G,T,C,X,1
17,17215046,G,A,Q,X,1
17,17217092,G,A,Q,X,1
17,17219066,G,A,Q,X,1
17,17219111,G,A,Q,X,1
17,17228105,G,C,C,W,1
17,17793135,G,A,A,T,0
17,17793232,C,T,P,L,0
17,17793478,C,T,P,L,0
17,17793835,G,A,R,Q,0
17,17793930,G,A,V,I,0
17,17793996,G,A,V,M,0
17,17794030,C,T,S,L,0
17,17794398,G,A,E,K,0
17,17794852,A,T,D,V,0
17,17794908,G,A,A,T,0
17,17795148,G,A,A,T,0
17,17795827,G,A,R,Q,0
17,17795860,C,T,S,F,0
17,17796130,C,T,T,M,0
17,17796658,G,A,R,Q,0
17,17797044,C,T,R,C,0
17,17797227,G,A,E,K,0
17,17797345,G,A,R,Q,0
17,17797558,G,A,R,Q,0
17,17797758,C,T,R,X,1
17,17797858,C,T,S,L,0
17,17797906,C,T,P,L,0
17,17798191,C,T,A,V,0
17,17798314,G,A,R,Q,0
17,17798383,C,T,P,L,0
17,17798397,G,A,G,R,0
17,18120814,T,C,S,P,0
17,18120959,C,T,A,V,0
17,18121154,G,T,G,V,0
17,18121256,C,A,S,X,1
17,18132498,G,A,G,R,1
17,18148130,G,A,R,H,1
17,18150483,G,A,G,S,0
17,18161330,C,T,R,X,1
17,18161338,G,C,W,C,1
17,18282834,C,T,E,K,0
17,18294764,G,A,R,X,1
17,19343455,C,T,R,H,0
17,19347784,C,T,R,Q,1
17,19656564,A,G,I,V,0
17,19671781,G,A,R,H,1
17,28359393,G,A,V,I,0
17,28534938,T,A,L,X,1
17,29502688,C,T,R,X,1
17,29517561,C,T,R,X,1
17,29522475,C,T,R,X,1
17,31095310,A,T,M,L,1
17,31095336,G,A,W,X,1
17,31156095,T,G,L,R,1
17,31163282,C,T,Q,X,1
17,31169902,T,G,L,X,1
17,31169980,T,A,L,X,1
17,31181761,C,T,Q,X,1
17,31182516,G,T,E,X,1
17,31182586,A,C,Q,P,1
17,31200532,C,A,Y,X,1
17,31200541,G,A,W,X,1
17,31200595,G,T,K,N,1
17,31214496,A,T,K,X,1
17,31221866,A,C,H,P,1
17,31226456,G,T,G,X,1
17,31226679,C,G,S,X,1
17,31227535,A,C,T,P,1
17,31229055,A,T,K,X,1
17,31229172,C,T,Q,X,1
17,31229265,G,T,E,X,1
17,31229300,G,A,M,I,0
17,31229835,G,T,V,F,1
17,31229859,C,T,Q,X,1
17,31229962,T,A,L,X,1
17,31230263,T,A,Y,X,1
17,31230297,C,T,Q,X,1
17,31230879,G,T,G,X,1
17,31232126,C,G,P,R,1
17,31232131,C,T,Q,X,1
17,31232137,G,T,E,X,1
17,31232170,A,G,K,E,1
17,31232176,C,T,Q,X,1
17,31233049,G,C,V,L,1
17,31233067,C,T,Q,X,1
17,31233133,G,T,E,X,1
17,31233157,C,T,Q,X,1
17,31233170,C,T,P,L,0
17,31235935,T,G,Y,X,1
17,31249116,C,A,Y,X,1
17,31258402,T,G,L,R,1
17,31258405,G,T,R,I,1
17,31258413,A,T,N,Y,1
17,31258429,C,G,S,X,1
17,31258470,A,T,R,X,1
17,31258501,A,C,K,T,1
17,31260470,T,C,L,P,1
17,31260473,G,A,W,X,1
17,31261809,G,A,W,X,1
17,31265328,T,G,Y,X,1
17,31325859,C,A,Y,X,1
17,31325861,A,C,H,P,1
17,31325970,G,A,W,X,1
17,31326051,C,A,Y,X,1
17,31326151,C,T,Q,X,1
17,31327682,G,T,E,X,1
17,31327694,C,T,Q,X,1
17,31330338,T,G,F,L,1
17,31330351,G,T,E,X,1
17,31330354,G,C,G,R,1
17,31334843,G,T,E,X,1
17,31334886,C,A,S,X,1
17,31335002,C,T,Q,X,1
17,31335015,G,A,W,X,1
17,31336349,A,C,D,A,1
17,31336739,C,A,Y,X,1
17,31336842,A,T,R,X,1
17,31336897,C,G,S,X,1
17,31337413,T,A,L,X,1
17,31337497,C,A,S,X,1
17,31337858,C,T,Q,X,1
17,31337862,G,A,W,X,1
17,31338746,C,T,Q,X,1
17,31343052,G,A,W,X,1
17,31350186,T,A,L,X,1
17,31350220,C,A,C,X,1
17,31352336,C,T,Q,X,1
17,31356490,C,G,S,X,1
17,31358990,G,A,W,X,1
17,34626316,A,C,E,A,0
17,35148982,G,A,V,I,0
17,35159543,A,G,N,S,0
17,35177129,G,A,R,Q,0
17,35180654,G,A,C,Y,0
17,35548243,T,A,Y,F,0
17,35548265,G,A,L,F,0
17,35554612,T,C,K,E,0
17,35554699,G,A,P,S,0
17,35577175,G,T,Y,X,1
17,35577387,G,A,Q,X,1
17,35745012,G,A,R,W,0
17,35745500,A,G,L,P,0
17,35745536,G,A,A,V,0
17,35745879,C,T,A,T,0
17,35747070,C,T,R,H,0
17,35750213,G,A,A,V,0
17,36537477,A,G,N,D,0
17,37733732,G,A,Q,X,1
17,38327075,G,T,T,K,0
17,38334005,C,T,W,X,1
17,38335249,G,A,R,X,1
17,38735240,C,T,V,M,0
17,38735600,T,A,N,Y,0
17,40636436,C,A,E,X,1
17,40755075,C,G,G,A,0
17,40755111,G,A,S,L,0
17,40818897,G,T,S,R,0
17,40818899,T,C,S,G,0
17,40819076,G,A,H,Y,0
17,40822329,C,T,R,H,0
17,41586647,C,T,C,Y,0
17,41817155,C,T,R,X,1
17,41822280,C,T,Q,X,1
17,42333728,G,A,H,Y,1
17,42536384,C,T,R,W,1
17,42543681,G,A,D,N,1
17,42544051,T,G,L,R,1
17,42688983,G,C,V,L,0
17,42901078,G,A,G,R,1
17,42909362,C,G,S,X,1
17,42911116,C,T,T,I,1
17,42911144,C,G,N,K,1
17,42911160,G,C,G,R,1
17,43091512,A,T,L,X,1
17,43091519,T,A,K,X,1
17,43091927,A,G,Y,H,0
17,43091981,C,T,G,R,0
17,43092629,G,C,P,A,0
17,43092670,A,T,L,Q,0
17,43092828,A,C,F,L,0
17,43093190,C,A,E,X,1
17,43094063,G,A,P,S,0
17,43094136,A,C,Y,X,1
17,43094162,C,A,E,X,1
17,43094363,C,T,D,N,0
17,43094458,A,G,L,P,0
17,44006061,C,T,Q,X,1
17,44071109,C,A,Y,X,1
17,44250478,C,A,E,X,1
17,44251304,G,A,T,M,1
17,44251478,G,A,R,C,1
17,44253241,G,A,R,C,1
17,44253260,C,T,W,X,1
17,44257508,G,A,R,C,1
17,44259862,G,A,Q,X,1
17,44374420,C,T,W,X,1
17,44374461,G,A,Q,X,1
17,44374661,G,A,Q,X,1
17,44375039,C,A,V,F,1
17,44375069,G,A,Q,X,1
17,44375616,G,T,S,X,1
17,44375856,G,A,Q,X,1
17,44375966,C,T,G,E,1
17,44376096,G,T,H,N,1
17,44376112,C,T,W,X,1
17,44377012,C,G,R,P,1
17,44377021,A,C,L,R,1
17,44377022,G,C,L,V,1
17,44377040,C,A,E,X,1
17,44377713,C,T,M,I,1
17,44377735,A,G,L,P,1
17,44378393,G,A,A,V,1
17,44378427,C,T,E,K,1
17,44378463,G,A,Q,X,1
17,44380082,G,A,Q,X,1
17,44380102,C,T,R,Q,1
17,44380112,G,A,Q,X,1
17,44380255,G,A,Q,X,1
17,44380283,A,T,C,X,1
17,44380291,G,A,Q,X,1
17,44380293,A,T,I,N,1
17,44380610,C,G,A,P,1
17,44381013,A,G,V,A,1
17,44381039,G,T,Y,X,1
17,44383502,C,A,G,C,1
17,44383564,C,A,G,V,1
17,44383564,C,T,G,D,1
17,44383607,G,A,R,X,1
17,44383652,G,A,R,X,1
17,44383907,C,A,V,F,1
17,44383930,C,A,G,V,1
17,44383931,C,A,G,W,1
17,44383933,A,G,F,S,1
17,44383935,A,T,Y,X,1
17,44383939,G,A,S,L,1
17,44384345,A,T,V,D,1
17,44384543,G,A,T,I,1
17,44384573,G,C,A,G,1
17,44385175,T,C,Y,C,1
17,44385187,G,A,A,V,1
17,44385193,A,C,L,R,1
17,44385290,G,A,T,I,1
17,44385309,C,T,G,S,1
17,44385554,A,C,F,V,1
17,44385567,G,C,Y,X,1
17,44385594,A,T,C,X,1
17,44385605,A,G,Y,H,1
17,44385650,C,T,G,S,1
17,44385655,G,T,P,H,1
17,44385693,C,T,W,X,1
17,44385702,C,A,W,C,1
17,44385709,G,A,A,V,1
17,44385833,G,C,D,E,1
17,44385895,G,A,Q,X,1
17,44386054,C,T,W,X,1
17,44386108,G,C,P,R,1
17,44389286,C,T,R,K,1
17,44389377,T,C,N,D,1
17,44389415,A,C,L,R,1
17,44389426,C,T,W,X,1
17,44860446,G,A,R,X,1
17,44862839,C,T,G,D,1
17,44863705,C,T,G,S,0
17,44885316,A,G,V,A,0
17,44915099,G,C,L,V,0
17,44915357,G,C,P,A,0
17,45971901,C,T,P,L,0
17,46010385,G,A,V,I,0
17,46038609,G,A,R,X,1
17,46066659,G,A,R,X,1
17,46171537,C,A,G,W,0
17,46713913,C,T,P,L,1
17,47274439,C,T,R,X,1
17,47274457,C,T,Q,X,1
17,47274460,C,T,Q,X,1
17,47283450,C,T,R,X,1
17,47283541,T,A,L,H,1
17,47284473,G,C,R,P,1
17,47284503,A,G,Y,C,1
17,47284512,T,G,M,R,1
17,47286291,T,C,Y,H,1
17,47286292,A,G,Y,C,1
17,47286300,G,A,V,M,1
17,47286310,T,C,L,P,1
17,47286369,C,T,R,X,1
17,47286370,G,A,R,Q,1
17,47286373,A,T,D,V,1
17,47286405,C,A,Q,K,1
17,47286419,T,A,C,X,1
17,47287084,G,A,W,X,1
17,47287134,A,C,H,P,1
17,47287148,G,A,G,R,1
17,47287155,T,C,L,P,1
17,47287184,C,T,Q,X,1
17,47287209,A,C,H,P,1
17,47287213,C,A,Y,X,1
17,47289681,G,T,D,Y,1
17,47289682,A,C,D,A,1
17,47289730,T,A,I,N,1
17,47289772,A,C,Y,S,1
17,47289772,A,G,Y,C,1
17,47290243,A,G,N,S,1
17,47292166,C,T,R,X,1
17,47292181,G,T,E,X,1
17,47292266,G,C,C,S,1
17,47292280,G,T,E,X,1
17,47292354,G,A,W,X,1
17,47292373,T,C,C,R,1
17,47292403,C,T,Q,X,1
17,47292473,G,T,C,F,1
17,47292517,T,G,C,G,1
17,47292519,C,G,C,W,1
17,47292524,G,C,C,S,1
17,47299353,G,A,W,X,1
17,47299418,T,C,C,R,1
17,47299418,T,G,C,G,1
17,47299430,G,A,G,S,1
17,47299431,G,A,G,D,1
17,47299488,G,A,C,Y,1
17,47300544,C,A,Y,X,1
17,47300554,G,T,E,X,1
17,47302786,C,T,Q,X,1
17,47307483,G,T,G,V,1
17,47943345,A,T,K,X,1
17,47944635,C,T,R,C,1
17,48529659,T,C,E,G,0
17,49991847,C,G,Q,H,1
17,50078061,G,A,A,T,0
17,50081316,A,G,R,G,0
17,50185510,A,G,F,L,0
17,50185959,C,A,R,L,1
17,50185975,G,A,Q,X,1
17,50186648,C,T,W,X,1
17,50186798,T,C,D,G,1
17,50187964,C,G,G,A,1
17,50188934,A,T,L,X,1
17,50190071,C,T,G,D,1
17,50190334,C,G,G,A,1
17,50190364,G,A,P,L,0
17,50191814,C,T,G,S,1
17,50192648,C,T,G,R,1
17,50193011,C,A,G,X,1
17,50193011,C,T,G,R,1
17,50194402,C,A,G,X,1
17,50195284,C,A,G,V,1
17,50195457,G,A,Q,X,1
17,50195628,C,A,G,V,1
17,50196181,C,G,G,R,1
17,50196528,C,T,G,S,1
17,50196624,C,T,G,D,1
17,50197035,C,T,G,D,1
17,50197984,C,G,G,R,1
17,50197996,G,A,Q,X,1
17,50198001,C,A,G,V,1
17,50199576,G,A,Q,X,1
17,50199918,G,C,L,V,0
17,50353660,G,A,D,N,0
17,50354439,G,C,E,D,0
17,50354963,G,C,R,T,0
17,50355945,C,T,P,L,0
17,50568913,G,A,V,M,0
17,50572667,C,T,T,M,0
17,50576035,G,C,A,P,0
17,50576179,G,A,V,M,0
17,50578398,G,A,R,Q,0
17,50596572,A,G,N,S,0
17,50596582,A,C,E,D,0
17,50596617,G,A,G,D,0
17,50599610,A,C,E,D,0
17,50599818,C,G,P,A,0
17,50623923,C,T,T,M,0
17,50624452,G,T,A,S,0
17,50626441,T,C,L,P,0
17,56594602,G,T,E,X,1
17,56835222,C,T,Q,X,1
17,58206472,G,A,Q,X,1
17,58206475,G,A,Q,X,1
17,58208534,G,T,C,X,1
17,58208563,G,A,Q,X,1
17,58208577,G,C,S,X,1
17,58213856,T,A,K,X,1
17,58279172,G,A,Q,X,1
17,58312155,C,T,R,Q,0
17,58312462,C,T,E,K,0
17,58357515,C,G,G,A,0
17,58357719,G,C,P,R,0
17,58357806,C,G,R,P,0
17,58358191,G,A,R,W,0
17,58358683,C,T,A,T,0
17,58358748,C,T,R,H,0
17,58358769,C,T,G,D,0
17,58360940,G,A,P,L,0
17,58362557,C,T,R,H,0
17,58362569,C,T,R,Q,0
17,58370936,C,T,R,H,0
17,58696859,G,T,E,X,1
17,58703280,T,A,L,X,1
17,58709938,T,A,L,X,1
17,58724050,G,A,W,X,1
17,58732499,C,G,Y,X,1
17,59051285,G,A,Q,X,1
17,60663014,G,A,W,X,1
17,60663168,C,A,C,X,1
17,61685908,C,A,E,X,1
17,61685952,G,T,S,X,1
17,61686034,G,A,Q,X,1
17,61686145,G,A,Q,X,1
17,61693489,C,T,W,X,1
17,61716000,G,A,Q,X,1
17,61716060,C,A,E,X,1
17,61743077,G,T,S,X,1
17,61744507,G,A,Q,X,1
17,61744565,C,T,W,X,1
17,61744566,C,T,W,X,1
17,61744578,A,C,L,X,1
17,61776481,G,A,Q,X,1
17,61780265,G,T,S,X,1
17,61780890,G,A,Q,X,1
17,61784316,T,A,K,X,1
17,61793599,G,A,Q,X,1
17,61793667,C,T,W,X,1
17,61793726,C,T,W,X,1
17,61801286,G,C,Y,X,1
17,61801315,G,A,Q,X,1
17,61801378,C,A,E,X,1
17,61801454,A,T,Y,X,1
17,61808579,G,C,S,X,1
17,61847217,T,A,R,X,1
17,61849129,C,G,Q,H,1
17,61857061,G,A,Q,X,1
17,61857107,A,C,Y,X,1
17,61857133,G,A,Q,X,1
17,61857186,A,T,L,X,1
17,61859811,G,A,Q,X,1
17,61859883,G,A,Q,X,1
17,61861525,C,T,W,X,1
17,62560049,C,T,Q,X,1
17,63420087,G,A,E,K,0
17,63420331,G,A,R,Q,0
17,63420934,T,C,I,T,0
17,63421156,A,G,Y,C,0
17,63494394,C,A,P,T,0
17,63691212,C,G,I,M,1
17,63835561,G,A,R,X,1
17,65534039,G,A,Q,X,1
17,65536529,G,T,Y,X,1
17,65537331,G,A,Q,X,1
17,65538217,G,A,Q,X,1
17,65558059,G,A,Q,X,1
17,65558388,C,T,W,X,1
17,67826011,G,C,G,A,0
17,67826328,A,G,S,G,0
17,67866676,C,T,A,V,0
17,67911182,A,G,K,E,0
17,67911331,A,T,R,S,0
17,67912035,C,A,T,N,0
17,67948253,G,A,E,K,0
17,67959628,C,G,P,A,0
17,68368550,C,G,T,S,0
17,68368663,T,C,W,R,0
17,68370518,C,G,R,G,0
17,68395135,G,A,R,H,0
17,68420216,C,T,T,M,0
17,68537631,G,A,T,I,0
17,68540902,T,C,N,S,0
17,72122742,G,C,R,P,1
17,72122795,C,A,P,T,1
17,72122795,C,G,P,A,1
17,74748931,C,A,H,N,0
17,74762125,C,A,D,E,0
17,74768481,A,T,D,V,0
17,74919853,C,A,G,V,0
17,74920645,C,T,W,X,1
17,75265787,G,A,R,Q,0
17,75265882,G,A,A,T,0
17,75486292,G,A,R,H,0
17,75498310,G,T,V,F,0
17,75498319,C,T,P,S,0
17,75498447,C,G,N,K,0
17,75757229,G,A,G,R,0
17,75762789,G,T,Y,X,1
17,75763111,G,A,Q,X,1
17,75763115,A,T,C,X,1
17,75763966,G,A,Q,X,1
17,75763987,G,A,Q,X,1
17,75778629,T,C,Q,R,1
17,75835450,C,A,E,X,1
17,75840266,G,A,R,X,1
17,75840805,G,A,R,X,1
17,75953491,G,A,R,X,1
17,75978553,C,A,E,X,1
17,76137604,C,T,A,T,0
17,76476950,G,A,A,V,0
17,77402575,C,T,A,V,0
17,78124923,G,A,S,F,0
17,78124950,C,T,G,D,0
17,78131665,T,C,M,T,0
17,78494065,C,T,V,I,0
17,78574803,C,G,E,D,0
17,80097398,C,T,R,X,1
17,80104832,C,A,C,X,1
17,80104947,C,T,Q,X,1
17,80105030,C,G,Y,X,1
17,80107813,T,C,L,P,1
17,80107864,A,C,H,P,1
17,80108516,G,A,G,D,1
17,80108716,T,C,L,P,1
17,80110732,G,A,W,X,1
17,80110734,C,G,P,R,1
17,80112016,T,G,I,S,1
17,80112049,A,T,H,L,1
17,80112094,C,T,S,F,1
17,80112676,G,A,W,X,1
17,80113308,A,C,T,P,1
17,80113338,G,T,E,X,1
17,80113344,G,A,V,M,1
17,80117081,C,T,P,L,1
17,80117679,G,A,W,X,1
17,80117724,G,C,R,P,1
17,80118789,A,G,Y,C,1
17,80210831,C,T,R,H,1
17,80210868,G,A,Q,X,1
17,80212197,C,T,G,R,1
17,80213816,G,A,R,C,1
17,80214290,C,T,R,H,1
17,80214655,T,A,K,X,1
17,80217093,G,T,A,D,1
17,80298494,C,T,P,L,0
17,80328357,C,A,Q,K,0
17,80332302,G,C,E,Q,0
17,80332480,A,G,D,G,0
17,80345336,G,A,S,N,0
17,80347424,C,T,P,L,0
17,80363784,A,G,E,G,0
17,80373070,C,A,L,I,0
17,81239364,A,C,M,L,1
17,81511063,A,G,M,T,1
17,81846452,G,C,R,G,0
17,81855509,C,T,A,T,0
17,82752221,G,T,G,C,0
17,82814922,C,T,R,X,1
17,82905981,T,C,M,T,0
17,82926439,G,A,E,K,0
17,82938057,A,G,E,G,0
18,6958610,T,C,T,A,0
18,6977845,A,G,I,T,0
18,6980524,T,C,K,E,0
18,6986228,G,A,A,V,0
18,6993674,T,C,I,V,0
18,7009321,G,A,R,X,1
18,7014033,C,T,V,M,0
18,7036042,A,G,I,T,0
18,7080335,G,A,R,X,1
18,8784569,G,C,G,A,0
18,9124951,G,A,A,T,1
18,10471735,G,A,V,I,0
18,10680344,C,A,E,X,1
18,10750152,G,C,H,Q,0
18,12344162,C,T,W,X,1
18,21490098,C,T,A,V,0
18,21496635,G,A,D,N,0
18,21500248,C,T,P,L,0
18,21508432,C,T,R,X,1
18,23533472,A,C,L,V,1
18,23538608,C,G,G,A,1
18,23538651,G,T,R,S,1
18,23539419,C,T,W,X,1
18,23541314,G,C,R,G,1
18,23543554,G,A,Q,X,1
18,23544366,A,G,F,S,1
18,23556455,G,A,R,W,1
18,23556527,G,A,R,X,1
18,23573459,A,T,L,X,1
18,23822334,C,A,T,N,0
18,23845022,T,C,V,A,0
18,23845027,C,A,P,T,0
18,23847464,C,T,P,L,0
18,23876342,C,T,R,W,0
18,23876356,C,A,C,X,1
18,23912756,C,T,R,X,1
18,23933828,A,T,K,X,1
18,28013730,C,T,A,T,0
18,31074713,G,A,Q,X,1
18,31101942,C,T,W,X,1
18,31339816,A,C,N,T,0
18,31339831,C,A,T,N,0
18,31339921,A,C,Y,S,0
18,31339948,A,G,K,R,0
18,31339950,G,A,D,N,0
18,31339953,T,G,L,V,0
18,31346157,G,A,G,R,0
18,31354658,T,A,L,Q,0
18,31592920,C,G,L,V,1
18,31592940,T,A,D,E,1
18,31593005,C,A,T,N,1
18,31595133,T,C,S,P,1
18,31595212,A,T,Y,F,1
18,31595230,T,C,I,T,1
18,31595244,G,A,E,K,1
18,31598612,T,G,I,M,1
18,33661679,C,T,A,V,0
18,33670709,T,C,S,P,0
18,33738649,G,T,E,D,0
18,33739025,G,A,D,N,0
18,33739394,C,T,Q,X,1
18,33739753,A,T,K,N,0
18,33739779,C,T,P,L,0
18,33739800,C,T,S,F,0
18,33739941,A,G,K,R,0
18,33740135,G,A,V,M,0
18,33740205,T,G,L,X,1
18,33740265,A,G,N,S,0
18,33740405,C,T,Q,X,1
18,33743239,C,T,P,S,0
18,33743737,C,T,P,S,0
18,33743740,A,G,K,E,0
18,33743884,A,G,I,V,0
18,33743908,T,C,S,P,0
18,33744665,G,A,R,Q,0
18,33744970,A,G,M,V,0
18,33745315,C,T,R,X,1
18,33745561,A,G,S,G,0
18,33746243,A,C,K,T,0
18,34858344,C,T,T,M,0
18,36187605,C,A,S,R,0
18,36199742,G,A,S,N,0
18,36199892,C,T,T,I,0
18,36199933,A,G,S,G,0
18,36200057,A,G,H,R,0
18,36205130,G,A,V,M,0
18,36251226,C,A,H,N,0
18,36268618,T,C,V,A,0
18,36681548,C,T,R,W,0
18,44701507,G,A,R,H,0
18,44701779,G,A,G,R,0
18,44949915,A,G,H,R,0
18,44949947,G,A,G,S,0
18,44950097,G,A,A,T,0
18,44950109,G,A,V,M,0
18,44950427,G,T,D,Y,0
18,44950499,G,A,V,M,0
18,44950544,A,G,I,V,0
18,44950617,C,A,A,E,0
18,44950694,C,T,L,F,0
18,44950722,A,G,D,G,0
18,44950832,C,G,R,G,0
18,44950833,G,A,R,Q,0
18,44951229,C,T,A,V,0
18,44951402,G,A,V,I,0
18,44951686,G,T,Q,H,0
18,44951724,C,G,T,S,0
18,44951941,C,A,S,R,1
18,44952902,G,A,E,K,0
18,44953055,G,A,A,T,0
18,44953148,G,A,G,S,0
18,44953291,C,G,F,L,0
18,45038640,G,A,A,T,0
18,45063372,C,T,P,S,0
18,45063505,C,T,P,L,0
18,45899478,G,A,Q,X,1
18,45922576,G,A,R,X,1
18,45944031,T,C,Q,R,0
18,45954681,G,A,R,X,1
18,46477802,A,C,Y,X,1
18,46522250,G,A,R,X,1
18,46529230,C,A,E,X,1
18,46538327,G,T,Y,X,1
18,47869405,G,A,R,X,1
18,49430336,A,T,L,X,1
18,49902764,G,A,Q,X,1
18,49929540,G,A,R,X,1
18,51065554,T,G,C,G,1
18,55228982,G,A,R,C,1
18,55228994,G,A,R,C,1
18,57550767,C,T,C,Y,1
18,57573274,G,A,R,X,1
18,57580092,G,A,Q,X,1
18,57601735,G,A,R,X,1
18,57605919,T,C,I,V,0
18,57650444,C,T,A,T,0
18,57652705,G,A,R,X,1
18,57655304,G,A,R,X,1
18,57671509,G,A,R,X,1
18,57695189,C,T,G,S,1
18,60371857,G,A,R,W,1
18,60372082,C,T,D,N,1
18,62105565,G,A,R,X,1
18,63804289,G,A,R,Q,0
18,63979835,G,A,R,Q,0
18,63987063,A,G,T,A,0
18,63987229,A,G,H,R,0
18,70199498,T,G,Q,P,0
18,70205259,C,A,E,X,1
18,79486538,G,A,G,R,0
18,79695227,C,T,A,V,0
19,629595,C,T,R,Q,0
19,740436,G,A,R,Q,0
19,852329,A,G,M,V,1
19,852977,G,A,A,T,1
19,860766,G,A,E,K,0
19,1220488,G,C,D,H,1
19,1221962,C,G,Y,X,1
19,1223154,C,T,Q,X,1
19,1226521,G,A,M,I,0
19,1398922,C,A,M,I,1
19,1398989,A,G,L,P,1
19,1399010,A,G,L,P,1
19,1399148,G,A,H,Y,1
19,1399184,C,A,D,Y,1
19,1399185,G,T,Y,X,1
19,1399524,C,G,G,R,1
19,1399565,C,T,W,X,1
19,1399831,G,A,Q,X,1
19,1399900,C,G,A,P,1
19,1399918,C,A,G,C,1
19,1401317,C,G,A,P,1
19,1401325,T,G,H,P,1
19,1401343,C,T,W,X,1
19,1401418,C,T,W,X,1
19,1401429,G,T,C,X,1
19,1466146,G,A,A,T,0
19,1621186,G,A,R,X,1
19,1627366,A,G,L,P,0
19,1646364,C,T,G,R,0
19,2109158,T,C,I,V,0
19,2118693,C,T,G,R,0
19,2250992,C,T,P,S,0
19,2251179,G,A,R,Q,1
19,3121117,G,A,V,M,1
19,4157151,G,A,G,R,0
19,4159729,C,T,R,X,1
19,4159750,G,A,D,N,0
19,4543926,C,A,R,L,0
19,4544215,T,C,M,V,0
19,4544301,T,C,E,G,0
19,4552465,C,T,G,S,0
19,5692181,C,T,V,I,0
19,5693605,C,T,A,T,0
19,5714223,C,T,A,T,0
19,5719865,C,G,A,P,0
19,5720063,G,C,L,V,0
19,5720066,T,C,M,V,0
19,6718117,G,A,R,W,1
19,7466970,C,T,S,L,0
19,7561510,G,A,R,Q,1
19,7639746,A,G,N,S,0
19,7644719,C,T,R,W,1
19,7647234,C,T,Q,X,1
19,8066028,C,T,R,Q,0
19,8094478,G,T,P,H,0
19,8112063,T,C,D,G,0
19,8131560,C,T,D,N,0
19,8147345,G,A,R,W,0
19,8403517,G,A,G,R,0
19,8605643,G,A,T,M,0
19,10180191,A,C,I,M,0
19,10357837,C,T,W,X,1
19,10823879,G,A,V,I,0
19,10986323,C,T,Q,X,1
19,10996265,G,T,R,L,1
19,11021846,C,T,P,L,1
19,11024370,C,T,R,X,1
19,11027797,C,T,R,X,1
19,11105516,T,C,C,R,1
19,11106666,G,C,D,H,1
19,11107425,G,T,C,F,1
19,11110714,G,T,G,C,1
19,11113398,T,A,V,E,1
19,11113418,T,C,W,R,1
19,11113646,G,T,W,C,1
19,11192878,A,G,M,T,0
19,11193479,G,T,Q,K,0
19,11193728,C,T,G,S,0
19,11214289,C,T,A,T,0
19,11215810,G,A,R,X,1
19,11236813,C,T,V,M,0
19,11238284,G,A,P,L,0
19,11251044,G,A,R,X,1
19,11252185,C,G,K,N,0
19,12650005,C,T,W,X,1
19,12655752,C,T,R,H,0
19,12658226,G,A,Q,X,1
19,12658337,T,A,K,X,1
19,12665480,G,A,S,L,1
19,12873687,C,T,P,L,1
19,12881105,G,C,A,G,0
19,12891851,T,C,W,R,1
19,12891853,G,A,W,X,1
19,12891966,G,A,R,H,1
19,12893590,G,A,V,I,1
19,12893594,T,C,M,T,1
19,12893611,T,C,Y,H,1
19,12893612,A,G,Y,C,1
19,12895997,G,C,G,R,1
19,12896069,G,A,A,T,1
19,12896205,G,A,W,X,1
19,12896219,C,T,P,L,1
19,12896252,G,T,C,F,1
19,12896270,G,A,R,Q,1
19,12896275,T,C,F,L,1
19,12896372,G,T,G,V,1
19,12896958,G,A,V,M,1
19,12896995,G,A,R,Q,1
19,12897777,G,A,R,Q,1
19,12897788,G,A,G,R,1
19,12897795,A,G,N,S,1
19,13025318,G,T,D,Y,1
19,13025340,G,A,R,Q,1
19,13025366,A,G,K,E,1
19,13025376,G,A,R,Q,1
19,13073073,C,T,Q,X,1
19,13073091,A,G,I,V,0
19,13109777,G,A,R,X,1
19,13138378,C,T,A,V,0
19,13207394,G,C,H,Q,0
19,13207506,G,A,A,V,0
19,13207572,G,A,P,L,0
19,13207573,G,C,P,A,0
19,13230188,C,T,V,I,1
19,13231775,G,A,R,X,1
19,13235012,C,T,V,M,0
19,13235703,G,A,R,C,1
19,13261525,A,G,V,A,1
19,13262792,A,G,L,P,1
19,13299007,C,T,G,S,0
19,13299322,T,A,K,X,1
19,13303581,C,T,V,M,1
19,13308248,G,C,Y,X,1
19,13359758,C,A,E,X,1
19,13359769,C,T,C,Y,1
19,13371714,G,A,P,L,1
19,13452908,C,T,W,X,1
19,13455205,C,T,E,K,1
19,14100836,C,T,G,R,1
19,15167327,C,T,V,M,0
19,15179396,C,T,R,H,0
19,15180100,C,T,R,H,0
19,15181014,G,A,H,Y,0
19,15181595,G,C,L,V,0
19,15187940,C,T,C,Y,1
19,15189085,A,G,C,R,1
19,15191645,G,A,T,M,0
19,15191768,C,A,C,F,1
19,15191838,C,T,V,M,0
19,15192037,C,G,C,S,1
19,15192058,C,A,C,F,1
19,15192092,A,G,C,R,1
19,15192103,C,A,G,V,0
19,15192494,G,A,R,W,0
19,15197503,C,T,C,Y,1
19,15197516,G,A,R,W,0
19,15239814,C,T,R,H,0
19,15243008,G,T,H,N,0
19,15265448,G,C,P,R,0
19,16893238,T,C,Q,R,0
19,16896552,C,T,D,N,0
19,16907068,G,A,A,V,0
19,16914482,G,A,T,I,0
19,16925277,C,T,V,I,0
19,16970897,G,T,P,H,0
19,16977489,T,C,H,R,0
19,16977509,G,T,D,E,0
19,16980571,G,A,T,I,0
19,16997212,C,T,A,T,0
19,16997243,C,T,M,I,0
19,16997284,C,T,V,I,0
19,16997325,C,T,R,Q,0
19,17000487,A,G,M,T,0
19,17002273,G,A,R,W,0
19,17337628,G,A,W,X,1
19,17365344,T,G,Q,P,0
19,17365669,C,G,A,P,0
19,17366124,G,T,F,L,0
19,17555811,G,T,G,V,0
19,17560439,C,G,R,G,0
19,17568561,G,A,R,Q,0
19,17770796,A,G,E,G,0
19,17778145,A,G,E,G,0
19,17784821,C,T,R,W,0
19,17821329,T,C,T,A,0
19,17834597,C,T,R,H,1
19,17844243,T,A,K,X,1
19,18077548,G,A,R,W,1
19,18156190,C,A,A,D,0
19,18156199,C,T,P,L,0
19,18161371,C,T,R,C,0
19,18167239,G,T,D,Y,1
19,18169275,C,T,P,L,0
19,18785676,G,C,N,K,1
19,18786137,G,C,D,E,1
19,18787650,C,T,D,N,1
19,19199156,C,T,R,X,1
19,32864655,G,A,A,V,1
19,32868486,G,A,Q,X,1
19,32901317,A,G,L,S,0
19,33464061,G,A,R,X,1
19,34368586,C,T,R,X,1
19,34399571,C,T,R,C,1
19,35267717,G,A,E,K,0
19,35285010,C,T,R,X,1
19,35302580,C,T,T,M,0
19,35560067,A,G,V,A,0
19,35719801,C,T,R,W,0
19,35719867,C,G,P,A,0
19,35719883,G,A,R,Q,0
19,35719933,C,T,L,F,0
19,35719945,G,A,A,T,0
19,35719994,C,A,P,H,0
19,35719994,C,G,P,R,0
19,35720000,G,A,R,Q,0
19,35720086,A,G,I,V,0
19,35720390,A,C,Q,P,0
19,35720516,T,C,M,T,0
19,35720528,C,T,A,V,0
19,35720722,C,T,P,S,0
19,35720818,G,A,G,S,0
19,35720840,C,A,T,N,0
19,35720851,G,A,A,T,0
19,35721194,G,A,R,Q,0
19,35721400,G,A,D,N,0
19,35721608,C,T,P,L,0
19,35721638,C,A,P,Q,0
19,35722365,C,T,P,S,0
19,35722390,C,A,A,D,0
19,35724715,G,A,R,Q,0
19,35725016,T,G,S,A,0
19,35727495,C,T,P,L,0
19,35727539,G,A,G,R,0
19,35728116,G,A,G,S,0
19,35729168,C,T,R,W,1
19,35731956,C,T,P,L,0
19,35731971,G,A,R,H,0
19,35732341,C,T,P,L,0
19,35733177,C,T,P,S,0
19,35733229,C,T,T,M,0
19,35733361,C,T,P,L,0
19,35733653,G,A,R,Q,0
19,35733798,C,T,P,L,0
19,35733804,A,G,D,G,0
19,35737893,C,G,R,G,1
19,35738330,G,A,A,T,1
19,35839416,T,C,Y,C,1
19,35842187,C,T,G,D,1
19,35844183,C,T,R,H,1
19,35844184,G,T,R,S,1
19,35846104,G,A,R,X,1
19,35848690,G,A,R,X,1
19,35849141,G,A,Q,X,1
19,35851364,C,A,E,X,1
19,35851626,C,T,W,X,1
19,35908224,C,T,G,E,0
19,35995543,G,C,C,S,0
19,36003474,G,T,L,I,0
19,36103577,G,A,R,H,0
19,37885344,C,T,R,Q,0
19,37885345,G,A,R,W,0
19,37885585,C,T,A,T,0
19,37885828,G,A,R,C,0
19,37886164,T,C,T,A,0
19,37886208,T,C,H,R,0
19,37886770,C,T,E,K,0
19,37887074,C,A,M,I,0
19,37887228,C,T,R,H,0
19,37888029,T,C,E,G,0
19,37889059,C,A,A,S,0
19,37889608,G,A,P,S,0
19,37889962,C,T,E,K,0
19,37890027,C,T,R,H,0
19,37890072,G,A,S,L,0
19,37890138,T,C,Q,R,0
19,37890168,A,G,I,T,0
19,37893127,T,G,Q,P,0
19,37894049,C,T,A,T,0
19,37894100,G,A,H,Y,0
19,38082254,C,T,P,L,0
19,38082428,C,T,A,V,0
19,38082707,T,C,M,T,0
19,38119844,T,C,S,P,0
19,38162322,C,T,P,L,0
19,38444257,A,G,Y,C,1
19,38455489,T,G,F,V,1
19,38455504,G,T,D,Y,1
19,38458076,C,T,R,X,1
19,38466386,G,C,D,H,1
19,38490687,C,T,R,X,1
19,38499642,C,A,S,R,1
19,38499691,G,A,E,K,1
19,38502708,T,A,C,S,0
19,38502923,G,C,V,L,1
19,38506909,G,T,E,X,1
19,38510518,C,T,R,X,1
19,38561140,G,C,G,R,0
19,38565034,G,T,V,L,1
19,38579995,T,G,L,R,1
19,38580040,T,A,F,Y,1
19,38580054,C,T,H,Y,1
19,38585099,G,A,G,S,1
19,38585945,C,G,I,M,1
19,38586576,G,C,Q,H,1
19,39422994,G,A,R,H,0
19,39424108,G,A,R,K,0
19,39425118,C,G,P,A,0
19,39481941,G,C,G,A,0
19,39825873,G,A,P,S,0
19,40374500,G,A,C,Y,0
19,40472733,G,A,A,T,0
19,40611876,C,T,R,X,1
19,40613103,C,T,P,S,0
19,40617195,G,A,E,K,0
19,40623606,G,A,V,M,0
19,41391884,G,A,T,I,1
19,41391923,G,T,T,K,1
19,41397859,G,A,W,X,1
19,41410781,C,T,Q,X,1
19,41414127,G,A,D,N,1
19,41419157,C,G,Y,X,1
19,41422164,C,T,A,V,1
19,41422311,G,A,R,Q,1
19,41422325,G,A,A,T,1
19,41424525,C,T,Q,X,1
19,41424576,G,T,E,X,1
19,41861134,G,T,E,X,1
19,41906471,C,G,Q,E,0
19,41969446,C,T,G,R,1
19,41969571,T,C,Q,R,1
19,41982021,G,C,T,R,1
19,42249460,G,A,R,X,1
19,42287635,C,T,Q,X,1
19,42290992,C,T,P,S,0
19,42293680,C,T,P,L,0
19,42295154,C,A,P,Q,0
19,42358883,A,G,K,E,0
19,43527135,G,A,Q,X,1
19,44705784,G,A,A,T,0
19,44949217,C,T,Q,X,1
19,45213263,A,G,S,P,0
19,45352226,C,T,A,T,1
19,45352556,G,A,R,W,1
19,45352568,G,A,Q,X,1
19,45352579,C,T,R,H,1
19,45353112,C,A,R,L,1
19,45353316,G,A,Q,X,1
19,45357497,G,A,Q,X,1
19,45363844,G,T,Y,X,1
19,45368728,G,A,R,X,1
19,45408744,A,C,K,T,0
19,45421378,G,A,R,X,1
19,45494937,C,A,E,X,1
19,45765743,C,T,A,T,0
19,45766055,G,C,L,V,0
19,46411664,G,A,H,Y,0
19,46411834,T,C,D,G,0
19,46411925,C,T,G,R,0
19,46412517,G,T,D,E,0
19,46755679,C,T,Q,X,1
19,46755919,G,C,A,P,1
19,46756462,G,C,V,L,1
19,47839612,C,G,S,X,1
19,48140013,C,T,V,M,0
19,48140055,G,A,L,F,0
19,48157104,G,A,R,C,0
19,48162299,C,T,A,T,0
19,48312029,G,A,R,X,1
19,48419764,A,G,M,V,1
19,48443080,G,A,D,N,0
19,48443186,G,C,G,A,0
19,49016678,C,T,A,T,0
19,49016685,C,T,M,I,0
19,49171604,G,T,Q,H,0
19,49172085,T,C,I,T,1
19,49196478,C,T,P,L,0
19,49594474,A,C,T,P,0
19,49595125,C,T,Q,X,1
19,49596536,G,A,R,Q,0
19,49596935,G,A,R,H,0
19,49597090,C,T,Q,X,1
19,49599551,C,T,R,X,1
19,49601568,C,A,P,T,0
19,49601650,C,T,P,L,0
19,49863987,C,A,E,X,1
19,50249084,G,A,R,H,0
19,50286506,G,A,V,I,0
19,50323026,C,T,G,S,0
19,50323077,C,G,G,R,0
19,50480156,C,T,R,X,1
19,50688879,G,A,R,X,1
19,51347007,G,A,R,W,1
19,52212720,A,G,M,V,1
19,53810256,C,A,G,V,0
19,53889710,C,T,L,F,1
19,54123556,C,T,Q,X,1
19,54129075,C,T,Q,X,1
19,54143732,C,A,R,S,1
19,54148193,C,T,P,S,0
19,54148389,C,G,A,G,0
19,54148530,C,T,A,V,0
19,54149624,T,G,S,A,0
19,54152226,G,A,A,T,0
19,54187235,G,A,R,X,1
19,55161076,G,A,Q,X,1
19,56027600,G,A,R,H,0
19,56041074,G,A,C,Y,0
19,57235043,C,G,Y,X,1
2,1484734,G,A,G,S,1
2,1516942,G,A,G,R,1
2,1922774,T,C,N,S,0
2,1943258,G,T,P,T,0
2,3387687,G,A,A,T,0
2,3388356,C,T,P,S,0
2,3388524,A,G,S,G,0
2,3421978,C,T,T,M,0
2,3548720,G,A,A,V,0
2,3637572,G,A,R,H,0
2,5692873,G,A,R,Q,1
2,5692876,C,T,P,L,1
2,5692889,C,G,F,L,1
2,5692891,T,C,M,T,1
2,5692912,G,C,R,P,1
2,5693421,G,T,E,X,1
2,8731212,C,A,Q,H,0
2,8733578,G,A,R,C,0
2,9490412,G,A,S,L,0
2,11765722,C,T,R,X,1
2,11783840,C,T,R,X,1
2,15190324,G,A,A,V,0
2,15232438,C,T,A,T,0
2,15275612,C,T,V,I,0
2,15292721,G,A,R,X,1
2,15328301,A,C,C,W,0
2,15379800,C,T,R,H,0
2,15402213,C,G,C,S,0
2,15402228,C,T,R,Q,0
2,15402249,T,G,E,A,0
2,15402259,T,C,I,V,0
2,15415638,C,G,V,L,0
2,15415681,C,T,W,X,1
2,15467718,T,C,K,R,0
2,15473299,C,A,G,C,0
2,15475815,G,A,R,X,1
2,15504184,C,T,M,I,0
2,15534562,T,C,I,V,0
2,15539330,T,C,R,G,1
2,15942237,C,T,T,M,1
2,15942614,G,T,A,S,0
2,17761508,T,A,S,T,0
2,17764976,A,G,N,S,0
2,17766660,A,G,I,V,0
2,17781251,C,T,T,I,0
2,17781661,A,G,T,A,0
2,19945941,G,A,R,X,1
2,21005538,G,T,S,X,1
2,21005828,A,C,Y,X,1
2,21007456,G,C,P,A,0
2,21007525,C,T,V,I,0
2,21009330,C,T,R,Q,0
2,21009931,T,C,I,V,0
2,21013523,C,T,V,I,0
2,21029900,G,A,R,W,1
2,21032391,G,A,R,X,1
2,24261110,C,G,G,A,0
2,24302089,C,T,V,I,0
2,25240417,C,T,R,H,1
2,25244214,G,A,R,X,1
2,25247601,T,C,K,R,1
2,25247715,C,T,W,X,1
2,25749733,C,T,G,E,0
2,26191603,G,A,R,C,1
2,26232177,G,A,Q,X,1
2,26254462,C,T,R,X,1
2,26278754,C,T,R,X,1
2,26284898,A,G,N,D,1
2,26455172,G,T,S,I,0
2,26465723,C,T,R,H,1
2,26475436,C,A,E,X,1
2,26558496,G,A,R,X,1
2,27202065,T,C,S,G,1
2,27238113,G,A,V,M,0
2,27311932,A,C,L,X,1
2,27312217,G,C,Y,X,1
2,27312217,G,T,Y,X,1
2,27445320,G,A,R,X,1
2,27447581,G,C,F,L,0
2,27447832,G,A,R,X,1
2,27453658,C,A,E,X,1
2,27459815,G,A,R,X,1
2,27497589,A,G,T,A,0
2,27503570,A,C,Q,P,0
2,27522506,G,A,R,Q,0
2,27523329,C,T,H,Y,0
2,29073342,A,T,L,X,1
2,29193294,G,A,A,V,0
2,31367994,T,A,K,X,1
2,31531405,C,G,R,S,1
2,32063984,C,G,Y,X,1
2,32063996,C,A,Y,X,1
2,32064192,A,T,K,X,1
2,32114825,G,C,K,N,1
2,32115796,G,A,S,N,0
2,32127000,C,G,P,R,1
2,32136567,G,T,G,V,1
2,32137187,A,G,R,G,1
2,32141946,G,T,E,D,1
2,32143390,C,T,Q,X,1
2,32154386,C,T,R,X,1
2,32154494,T,G,X,E,1
2,37138527,G,C,S,C,0
2,37141554,C,T,G,R,1
2,38071044,G,A,P,L,1
2,38071186,G,T,R,S,1
2,38071264,C,T,V,M,1
2,38071291,G,A,R,X,1
2,38074549,G,T,C,X,1
2,38074679,G,T,A,E,1
2,38074811,G,A,P,L,1
2,38074872,C,A,E,X,1
2,38075072,G,T,A,D,1
2,38075334,G,A,Q,X,1
2,38075388,T,C,M,V,1
2,38689828,A,T,N,Y,0
2,39023118,A,T,I,N,1
2,42048524,T,C,S,P,0
2,42054172,G,A,R,H,0
2,43776871,T,C,F,S,0
2,43800874,A,T,I,L,0
2,43826405,G,A,Q,X,1
2,43828070,G,A,R,X,1
2,43839055,T,C,M,T,1
2,43918129,C,T,W,X,1
2,43946156,G,A,R,X,1
2,43946237,G,A,Q,X,1
2,43947364,G,A,Q,X,1
2,43963645,A,C,Y,X,1
2,43982340,G,A,Q,X,1
2,44301084,C,T,R,W,1
2,44301085,G,T,R,L,1
2,44322755,C,A,E,X,1
2,45006324,G,A,P,L,0
2,46369865,T,G,L,R,0
2,47024330,G,C,V,L,0
2,47403384,A,T,K,X,1
2,47408483,T,G,Y,X,1
2,47408498,T,A,Y,X,1
2,47408514,A,G,N,D,0
2,47408540,G,A,W,X,1
2,47408552,T,A,Y,X,1
2,47410222,T,A,Y,X,1
2,47410241,A,T,K,X,1
2,47412499,T,A,L,X,1
2,47414373,T,A,Y,X,1
2,47416305,G,T,E,X,1
2,47416365,G,T,G,X,1
2,47416425,G,T,E,X,1
2,47416428,A,G,R,G,1
2,47416429,G,T,R,I,1
2,47429792,T,C,L,S,0
2,47429941,G,T,G,X,1
2,47445550,A,T,K,X,1
2,47445590,T,G,L,R,1
2,47445634,G,T,E,X,1
2,47463077,T,G,L,R,1
2,47463095,T,C,I,T,0
2,47463131,T,G,L,X,1
2,47463146,G,A,R,K,0
2,47466697,C,A,A,E,0
2,47471060,C,A,S,X,1
2,47475061,T,G,L,X,1
2,47475072,G,T,D,Y,1
2,47475141,G,T,E,X,1
2,47475237,G,T,E,X,1
2,47475246,A,T,K,X,1
2,47476384,A,T,K,X,1
2,47476388,C,A,S,X,1
2,47476415,T,G,I,R,1
2,47476421,T,G,L,R,1
2,47476452,T,G,C,W,1
2,47478332,C,G,Y,X,1
2,47478346,T,A,L,X,1
2,47478348,G,C,A,P,1
2,47478368,C,A,Y,X,1
2,47478417,G,T,E,X,1
2,47478438,C,T,Q,X,1
2,47478506,T,A,Y,X,1
2,47480785,G,T,E,X,1
2,47480791,G,T,E,X,1
2,47480836,G,T,E,X,1
2,47480856,C,A,C,X,1
2,47482785,G,T,E,X,1
2,47482935,A,G,K,E,0
2,47482944,A,G,T,A,0
2,47783234,A,G,M,V,1
2,47783240,C,T,R,X,1
2,47783257,C,A,Y,X,1
2,47783270,A,T,K,X,1
2,47783427,C,A,S,X,1
2,47783469,C,A,S,X,1
2,47790956,G,A,W,X,1
2,47790984,G,A,W,X,1
2,47790999,C,G,Y,X,1
2,47791099,A,T,K,X,1
2,47795897,C,A,S,X,1
2,47798812,G,T,E,X,1
2,47798945,C,G,S,X,1
2,47799078,G,A,W,X,1
2,47799085,G,T,E,X,1
2,47799112,A,T,K,X,1
2,47799174,T,A,Y,X,1
2,47799181,G,T,E,X,1
2,47799217,A,T,K,X,1
2,47799222,G,A,W,X,1
2,47799319,G,T,E,X,1
2,47799451,G,T,E,X,1
2,47799547,C,T,Q,X,1
2,47799588,C,G,Y,X,1
2,47799597,T,G,Y,X,1
2,47799610,A,T,K,X,1
2,47799760,C,T,Q,X,1
2,47799767,T,G,L,X,1
2,47799793,G,T,E,X,1
2,47799835,C,T,Q,X,1
2,47799901,G,T,E,X,1
2,47799974,C,A,S,X,1
2,47800088,C,A,S,X,1
2,47800320,T,A,C,X,1
2,47800609,G,T,E,X,1
2,47800741,A,T,K,X,1
2,47800828,C,T,Q,X,1
2,47800855,C,T,Q,X,1
2,47800892,G,A,W,X,1
2,47800921,G,T,E,X,1
2,47800957,G,T,E,X,1
2,47801023,A,T,K,X,1
2,47801153,T,A,L,X,1
2,47803445,T,G,Y,X,1
2,47803494,G,T,E,X,1
2,47803513,T,G,L,X,1
2,47803524,G,T,G,X,1
2,47803541,C,A,C,X,1
2,47804917,T,A,L,X,1
2,47804935,A,G,Q,R,1
2,47805638,G,T,E,X,1
2,47805642,T,A,L,X,1
2,47805701,G,T,E,X,1
2,47806309,C,A,S,X,1
2,47806476,G,T,E,X,1
2,47806581,G,T,E,X,1
2,47806632,C,T,Q,X,1
2,47813237,G,A,R,X,1
2,47813814,C,T,G,D,1
2,47905572,T,G,Q,P,0
2,50236905,G,A,R,X,1
2,50531335,G,A,R,X,1
2,54632678,A,G,N,S,0
2,55647387,T,G,K,T,0
2,55673020,C,A,V,L,0
2,55679787,G,A,R,X,1
2,55683819,G,A,P,L,1
2,55684952,G,A,R,X,1
2,58226778,G,A,Q,X,1
2,58229828,G,A,R,X,1
2,60553270,T,C,M,V,1
2,61031693,G,T,E,X,1
2,61836012,G,A,Q,X,1
2,61839514,G,C,S,X,1
2,61840511,G,A,Q,X,1
2,61853972,C,A,G,X,1
2,63313267,C,T,G,D,0
2,63404504,G,A,Q,X,1
2,63437507,T,A,K,X,1
2,63486543,C,A,E,D,0
2,64989752,G,C,G,R,0
2,65016603,C,T,R,X,1
2,65018231,G,A,V,I,0
2,69013519,G,A,R,K,0
2,69363562,C,T,R,H,1
2,69374077,G,A,T,M,1
2,71539157,G,A,W,X,1
2,71556004,C,T,Q,X,1
2,71567990,C,T,Q,X,1
2,71569885,G,A,R,Q,1
2,71570604,G,T,E,X,1
2,71574303,T,C,W,R,1
2,71611483,C,G,R,G,1
2,71643987,G,A,W,X,1
2,71665175,C,T,Q,X,1
2,72134831,A,G,L,S,0
2,72891439,A,T,K,X,1
2,73419291,A,T,R,X,1
2,73448427,C,T,Q,X,1
2,73449757,C,G,S,X,1
2,73450418,C,A,Y,X,1
2,73450848,C,T,Q,X,1
2,73451098,C,G,S,X,1
2,73451242,C,G,S,X,1
2,73451415,C,T,Q,X,1
2,73452493,C,A,S,X,1
2,73452846,C,T,Q,X,1
2,73453358,C,A,C,X,1
2,73453977,A,T,K,X,1
2,73490612,C,T,R,X,1
2,73490901,A,G,N,S,0
2,73519842,C,T,Q,X,1
2,73534846,T,A,Y,X,1
2,73572879,C,T,Q,X,1
2,74142354,C,T,C,Y,1
2,74462306,G,A,R,X,1
2,84433399,G,T,A,E,1
2,85371122,G,A,A,T,0
2,85390790,G,T,R,L,0
2,85390898,A,T,D,V,0
2,85552549,G,A,R,X,1
2,85553443,C,T,W,X,1
2,85844404,G,A,R,X,1
2,86031380,G,A,P,S,0
2,86033662,C,T,R,Q,0
2,86042040,C,T,A,T,0
2,86075061,G,A,T,M,0
2,86078281,T,C,K,E,0
2,86089914,G,C,P,A,0
2,88452388,C,G,A,P,0
2,88575438,C,T,W,X,1
2,88593398,T,C,Y,C,1
2,88729326,C,T,R,X,1
2,98370037,C,G,S,X,1
2,98396887,T,C,Y,H,1
2,99161958,A,T,M,L,0
2,100006807,G,A,A,V,1
2,108764870,C,T,A,V,0
2,108923368,A,G,C,R,1
2,110131733,G,A,R,X,1
2,111975418,G,T,E,X,1
2,112740989,A,G,L,S,0
2,112756248,T,C,I,V,0
2,112756582,T,A,R,S,0
2,112757186,T,C,N,S,0
2,112762552,G,A,L,F,0
2,120955385,G,A,A,T,0
2,120988820,C,G,A,G,0
2,127050834,G,A,R,C,0
2,127259382,G,A,Q,X,1
2,127279183,G,A,R,X,1
2,127280620,G,A,R,X,1
2,127286745,C,A,E,X,1
2,127286883,G,A,Q,X,1
2,127423074,C,A,C,X,1
2,127423352,G,C,C,S,1
2,127423393,C,T,Q,X,1
2,127426090,T,G,F,V,1
2,128318442,C,G,S,T,0
2,135130659,C,T,R,X,1
2,135808812,G,A,Q,X,1
2,144389630,C,A,G,C,0
2,148462648,C,A,C,X,1
2,148468541,C,T,R,X,1
2,148468650,C,T,S,L,0
2,149571118,C,T,W,X,1
2,149576482,T,A,R,X,1
2,149579601,G,A,Q,X,1
2,151490042,G,A,Q,X,1
2,151490045,G,A,Q,X,1
2,151490403,G,T,Y,X,1
2,151490488,G,T,S,X,1
2,151491704,G,A,R,X,1
2,151492209,G,A,R,X,1
2,151529233,C,T,D,N,0
2,151553476,C,T,W,X,1
2,151553494,G,T,Y,X,1
2,151560612,G,A,Q,X,1
2,151561054,C,A,E,X,1
2,151561231,G,A,Q,X,1
2,151568159,C,T,W,X,1
2,151570278,G,A,R,X,1
2,151603659,A,T,Y,X,1
2,151603733,C,A,G,X,1
2,151604623,C,T,W,X,1
2,151612272,G,A,Q,X,1
2,151627179,C,T,W,X,1
2,151640615,G,A,R,X,1
2,151644566,G,A,R,X,1
2,151650262,G,A,Q,X,1
2,151664793,A,T,L,X,1
2,151666279,G,C,Y,X,1
2,151666373,G,A,A,V,0
2,151677738,T,A,K,X,1
2,151679981,G,C,Y,X,1
2,159448242,C,T,G,S,1
2,161424110,C,A,D,E,0
2,162267242,A,T,N,K,0
2,162267310,C,A,V,F,0
2,162273933,T,A,K,N,0
2,162277544,C,T,A,T,0
2,162281473,T,C,H,R,0
2,165090654,C,G,Q,H,0
2,165090858,C,T,M,I,1
2,165094453,G,A,T,I,1
2,165097338,G,C,Q,E,0
2,165130209,G,A,L,F,1
2,165310343,G,T,A,S,1
2,165310347,T,G,L,R,1
2,165310541,A,T,T,S,0
2,165374725,T,C,M,T,1
2,165380708,C,G,N,K,1
2,165380720,G,C,Q,H,1
2,165388719,G,C,R,P,1
2,165749825,G,A,Q,X,1
2,165757127,G,A,R,C,1
2,165913576,C,A,E,X,1
2,165919404,G,A,Q,X,1
2,165929144,A,T,C,X,1
2,165991506,C,G,Q,H,1
2,165991694,G,A,R,W,1
2,165991796,T,A,K,X,1
2,165992057,C,A,D,Y,1
2,165992098,C,T,W,X,1
2,165992255,C,T,G,S,1
2,165994397,A,T,V,D,1
2,165996073,G,T,Y,X,1
2,166002683,C,T,W,X,1
2,166009744,G,T,A,D,1
2,166009756,C,G,R,T,1
2,166012205,G,T,Y,X,1
2,166013837,C,T,W,X,1
2,166015661,G,T,Q,K,0
2,166036353,G,A,Q,X,1
2,166037921,A,C,M,R,1
2,166037931,G,T,R,S,1
2,166041402,C,T,W,X,1
2,166042295,C,A,E,X,1
2,166043784,C,T,S,N,0
2,166043817,A,T,L,Q,0
2,166045317,G,A,T,M,0
2,166046853,C,G,A,P,1
2,166046963,G,C,A,G,1
2,166046966,G,A,A,V,1
2,166047664,A,T,L,Q,1
2,166048928,C,G,G,A,1
2,166051721,G,C,S,X,1
2,166051871,C,A,G,V,1
2,166051872,C,T,G,S,1
2,166052891,T,C,R,G,1
2,166054721,A,C,I,M,1
2,166054761,G,T,T,N,1
2,166073370,A,T,Y,X,1
2,166073392,A,G,L,P,1
2,166199631,T,A,K,X,1
2,166199784,G,A,R,X,1
2,166303090,T,A,K,X,1
2,168923816,G,A,Q,X,1
2,168924719,G,A,R,X,1
2,168927316,C,T,R,H,1
2,168969454,T,C,E,G,1
2,168971864,T,G,I,L,1
2,168973734,T,C,Y,C,1
2,168976642,G,A,R,X,1
2,168995461,C,T,A,T,1
2,169170608,G,A,R,X,1
2,169175301,G,A,R,X,1
2,169209639,G,A,R,X,1
2,169280505,T,C,I,V,0
2,169294207,C,T,R,H,0
2,169492912,T,G,L,X,1
2,173263785,C,T,S,L,0
2,173266085,C,T,R,W,0
2,173266664,T,C,Y,H,0
2,177232516,A,G,I,T,0
2,178071887,C,T,R,Q,0
2,178436291,C,A,C,F,1
2,178453496,C,A,D,E,0
2,178530336,G,A,Q,X,1
2,178530426,G,A,Q,X,1
2,178532770,G,C,Y,X,1
2,178534030,A,T,Y,X,1
2,178534263,G,A,R,X,1
2,178534928,G,T,S,X,1
2,178534973,G,C,S,X,1
2,178535407,C,T,W,X,1
2,178540194,G,A,R,X,1
2,178540353,G,A,Q,X,1
2,178543135,G,A,Q,X,1
2,178543304,C,T,W,X,1
2,178544384,G,A,Q,X,1
2,178544386,A,G,M,T,0
2,178545895,G,A,R,X,1
2,178546072,G,A,Q,X,1
2,178548487,G,A,R,X,1
2,178548592,T,A,K,X,1
2,178549705,T,A,K,X,1
2,178549802,C,T,W,X,1
2,178554058,T,A,K,X,1
2,178557142,G,A,P,S,0
2,178557323,A,C,Y,X,1
2,178561489,T,A,K,X,1
2,178563924,G,C,S,X,1
2,178565752,G,A,Q,X,1
2,178565833,C,T,V,I,0
2,178566493,G,A,R,X,1
2,178567140,C,T,R,Q,0
2,178568639,C,T,W,X,1
2,178568947,T,A,K,X,1
2,178572193,G,A,R,X,1
2,178572932,A,T,Y,X,1
2,178576956,G,A,Q,X,1
2,178579939,G,A,Q,X,1
2,178580113,G,A,Q,X,1
2,178581640,G,A,Q,X,1
2,178583745,G,A,Q,X,1
2,178584831,G,A,R,X,1
2,178588790,C,A,E,X,1
2,178592137,G,A,Q,X,1
2,178593719,C,T,W,X,1
2,178594222,C,T,D,N,0
2,178595751,G,T,C,X,1
2,178598951,C,T,W,X,1
2,178599812,C,A,E,X,1
2,178601011,C,T,W,X,1
2,178604035,G,A,R,X,1
2,178607482,G,A,R,X,1
2,178607812,G,A,Q,X,1
2,178607884,G,A,R,X,1
2,178609756,G,A,R,X,1
2,178617198,T,A,R,X,1
2,178618037,G,A,R,X,1
2,178619714,G,A,R,X,1
2,178620481,A,C,V,G,0
2,178649562,G,C,A,G,0
2,178732553,A,T,L,X,1
2,178739641,G,C,S,X,1
2,178741524,A,T,C,X,1
2,178799575,G,A,Q,X,1
2,178905448,C,A,E,D,0
2,179049913,G,A,A,V,0
2,181539238,G,C,Y,X,1
2,181573840,G,A,Q,X,1
2,181656825,A,T,V,E,1
2,181656999,C,T,W,X,1
2,181678728,T,C,T,A,0
2,188988082,G,T,G,V,1
2,188989397,G,A,G,D,1
2,188994074,G,A,G,S,1
2,188996444,G,A,G,D,1
2,188997373,G,A,G,E,1
2,188997701,G,A,G,E,1
2,188999306,G,A,E,K,1
2,189002965,G,A,G,D,1
2,189003420,G,T,G,C,1
2,189005404,G,A,G,R,1
2,189006417,G,A,G,S,1
2,189006979,C,T,R,X,1
2,189575194,C,T,G,S,1
2,190208913,T,A,R,X,1
2,190261204,G,A,R,X,1
2,191064870,C,T,R,Q,0
2,196242137,G,T,N,K,1
2,196292743,T,C,Y,C,0
2,196307232,A,G,Y,H,1
2,196319685,G,A,T,M,0
2,196841269,G,A,P,S,0
2,196872506,G,A,Q,X,1
2,199308931,C,T,W,X,1
2,199308936,G,A,R,C,1
2,199328858,T,C,Q,R,1
2,199328910,C,G,G,R,1
2,199328910,C,T,G,R,1
2,199455887,C,T,V,M,0
2,201629374,C,T,W,X,1
2,201709891,G,A,Q,X,1
2,203870702,C,T,Q,X,1
2,206771206,G,A,W,X,1
2,206771975,C,T,R,X,1
2,209776033,C,T,R,X,1
2,209777368,C,T,R,X,1
2,209777381,G,A,W,X,1
2,209881047,C,T,R,X,1
2,209941332,T,C,M,T,0
2,210577459,C,A,Y,X,1
2,210590188,C,T,P,L,1
2,210590234,G,C,K,N,1
2,210599382,T,G,V,G,1
2,210599444,C,T,Q,X,1
2,210648516,T,A,L,X,1
2,210663148,T,A,L,X,1
2,210675757,G,A,W,X,1
2,212124771,C,G,R,P,0
2,214728802,A,T,Y,X,1
2,214728822,G,A,Q,X,1
2,214728844,G,C,Y,X,1
2,214728909,G,A,Q,X,1
2,214745070,C,A,E,X,1
2,214752466,G,C,S,X,1
2,214767574,A,C,Y,X,1
2,214780788,A,T,C,X,1
2,214780826,G,A,Q,X,1
2,214780913,T,A,K,X,1
2,214792299,G,C,S,X,1
2,214792345,G,A,Q,X,1
2,214792388,C,T,W,X,1
2,214792412,A,T,C,X,1
2,214809437,C,A,E,X,1
2,214987741,C,T,W,X,1
2,215025750,G,A,R,X,1
2,215362036,C,G,S,T,0
2,215367958,A,G,V,A,0
2,215370323,C,T,R,Q,0
2,215370366,C,T,V,I,0
2,215371989,T,C,I,V,0
2,215376624,T,A,I,F,0
2,215397833,T,G,S,R,0
2,215404452,C,T,V,I,0
2,215404455,T,C,T,A,0
2,215406328,C,T,G,R,0
2,215408177,T,G,T,P,0
2,215408313,T,C,T,A,0
2,215420747,C,T,R,H,0
2,215425243,G,A,P,L,0
2,215433327,C,T,A,T,0
2,216414828,A,G,I,V,0
2,216450924,C,T,R,W,1
2,216450928,G,A,R,H,1
2,218135507,C,T,R,C,0
2,218135544,G,A,R,Q,0
2,218592656,G,A,R,H,1
2,218594250,C,T,R,W,1
2,218640742,G,A,R,W,0
2,218644265,T,C,S,G,0
2,218644562,A,C,L,V,0
2,218644895,C,A,A,S,0
2,218661425,C,T,R,W,1
2,218661761,C,T,R,X,1
2,218661776,C,T,Q,X,1
2,218661791,A,T,K,X,1
2,218661940,G,A,W,X,1
2,218662583,C,T,R,X,1
2,218662896,C,A,Y,X,1
2,218662909,C,T,R,C,1
2,218662910,G,A,R,H,1
2,218688805,C,G,R,G,0
2,218782214,G,A,W,X,1
2,218812730,G,A,W,X,1
2,218890234,G,A,W,X,1
2,219213930,C,T,A,T,0
2,219216123,C,T,R,Q,0
2,219235536,G,A,R,Q,0
2,219420644,G,A,W,X,1
2,219448306,G,C,R,P,0
2,219472319,G,A,D,N,0
2,219488810,C,A,P,T,0
2,219489386,A,G,R,G,0
2,219506356,C,T,R,X,1
2,222232202,C,A,R,L,1
2,222656025,G,A,R,C,0
2,223777809,T,C,T,A,0
2,223957512,C,T,R,C,0
2,224497824,G,A,R,X,1
2,227007445,C,T,W,X,1
2,227008107,G,A,Q,X,1
2,227022171,C,A,E,X,1
2,227054720,C,G,G,R,1
2,227078025,C,T,G,D,1
2,227088745,G,A,Q,X,1
2,227089903,C,G,G,A,1
2,227099620,C,T,G,S,1
2,227121148,C,T,G,S,1
2,227244357,G,A,G,D,1
2,227244359,G,A,V,I,0
2,227253561,G,A,G,S,1
2,227266473,G,A,G,R,1
2,227266492,G,A,G,E,1
2,227267052,G,C,G,R,1
2,227270788,G,A,G,S,1
2,227280546,G,T,G,V,1
2,227295008,G,A,G,S,1
2,227295009,G,A,G,D,1
2,227297690,G,T,R,S,0
2,227297727,G,A,G,R,1
2,227297791,G,T,G,V,1
2,227303904,G,A,G,E,1
2,227330757,C,T,P,L,0
2,229879992,T,C,I,V,0
2,230170758,G,A,R,X,1
2,232015588,C,T,R,X,1
2,232528266,G,A,W,X,1
2,237363324,G,A,R,X,1
2,237518551,T,C,L,P,0
2,237518608,G,A,G,D,0
2,237525791,C,T,T,I,0
2,237534583,A,G,H,R,0
2,237540364,T,C,V,A,0
2,238329110,A,G,N,S,0
2,238329142,C,T,R,W,0
2,238329312,G,T,K,N,0
2,238344583,A,T,T,S,0
2,238397627,A,C,M,L,0
2,239115201,C,T,R,Q,0
2,239156654,G,T,T,K,1
2,240774189,G,A,T,M,1
2,240868986,G,C,G,R,1
2,240869219,A,T,N,I,1
2,240871415,C,T,Q,X,1
2,240871442,T,C,C,R,1
2,240878803,C,A,C,X,1
20,419720,C,T,Q,X,1
20,483978,C,T,A,T,0
20,487484,G,A,R,X,1
20,499302,G,A,R,X,1
20,765225,C,A,E,X,1
20,1983045,T,C,M,V,0
20,2396511,G,A,D,N,0
20,2399631,C,T,P,L,0
20,2863311,C,G,Y,X,1
20,3083172,G,C,P,A,0
20,3215287,G,A,W,X,1
20,3229591,C,T,V,M,0
20,3230813,C,G,G,R,1
20,3230813,C,T,G,R,1
20,3231520,G,A,A,V,1
20,3560735,T,C,I,T,0
20,3910589,C,T,Q,X,1
20,4699663,G,A,R,H,1
20,10277686,C,T,S,L,1
20,10284727,A,G,K,E,1
20,10306169,G,C,R,P,1
20,10306172,C,G,A,G,1
20,10405524,G,C,S,X,1
20,10408755,C,T,G,E,1
20,10639848,T,C,T,A,0
20,10641815,G,A,Q,X,1
20,10645421,C,T,R,H,0
20,10658540,C,A,G,X,1
20,10658669,G,A,R,W,0
20,10672993,G,T,S,X,1
20,13785091,G,A,W,X,1
20,13785092,G,A,W,X,1
20,13785097,T,A,L,X,1
20,13785112,G,A,W,X,1
20,13794907,G,T,E,X,1
20,13801570,C,T,Q,X,1
20,13816510,C,T,R,X,1
20,14326127,T,G,E,D,0
20,14326307,G,T,H,Q,0
20,14326373,T,G,Q,H,0
20,17988237,A,T,N,I,0
20,18524433,C,T,R,X,1
20,18524971,C,T,Q,X,1
20,18554343,C,T,R,C,1
20,21162489,C,G,P,A,0
20,21163138,C,G,S,C,0
20,21513546,C,T,A,T,0
20,21513562,G,T,N,K,0
20,21513575,G,A,P,L,0
20,22582352,G,A,A,V,0
20,22582944,C,G,A,P,0
20,23047988,G,T,T,N,0
20,23365207,A,C,Q,P,0
20,23637649,C,A,A,S,0
20,25418154,G,A,V,I,0
20,32433403,G,A,R,Q,0
20,32433672,G,C,A,P,0
20,32433718,T,A,I,N,0
20,32434454,C,T,P,L,0
20,32434934,A,T,D,V,0
20,32435135,C,A,P,H,0
20,32435207,A,G,D,G,0
20,32435305,G,A,E,K,0
20,32435929,C,T,R,C,0
20,32435947,T,C,S,P,0
20,32436139,A,C,S,R,0
20,32436155,G,A,R,H,0
20,32436389,T,A,L,Q,0
20,32436827,C,G,T,S,0
20,32437055,A,G,Q,R,0
20,33753235,C,T,P,S,0
20,34644174,T,C,N,S,0
20,34994243,C,T,R,C,0
20,34996394,C,T,R,W,0
20,34999395,G,C,K,N,0
20,35434524,C,T,W,X,1
20,35472102,C,T,A,V,0
20,35494581,C,T,Q,X,1
20,35501913,G,A,A,T,0
20,35502691,G,A,R,Q,0
20,35503939,G,A,R,H,0
20,35504248,G,A,R,Q,0
20,35669644,C,T,S,N,0
20,35690537,T,C,K,R,0
20,36897917,G,A,R,X,1
20,36951576,G,C,S,X,1
20,37207423,G,A,D,N,0
20,37223906,G,A,G,D,0
20,37400130,C,A,T,N,0
20,40688309,T,A,Q,L,0
20,41203988,T,C,N,S,0
20,44311053,C,T,M,I,0
20,44406133,G,T,G,V,1
20,44407434,G,A,C,Y,1
20,44407460,G,A,G,S,1
20,44413696,G,A,V,I,1
20,44413726,C,T,R,X,1
20,44418456,A,C,H,P,1
20,44419784,G,A,R,H,1
20,44419837,G,C,E,Q,1
20,44424092,A,T,I,F,1
20,44424172,G,A,W,X,1
20,44428470,G,A,R,Q,0
20,44621103,G,A,P,L,1
20,44624205,G,T,Y,X,1
20,44625626,C,A,E,X,1
20,44625635,G,A,Q,X,1
20,44629064,G,C,Y,X,1
20,44987213,C,T,R,X,1
20,44997233,A,G,N,S,0
20,45000494,G,A,V,M,0
20,45894899,C,T,Q,X,1
20,45896999,C,T,R,X,1
20,45949203,G,A,Q,X,0
20,45953891,G,A,P,S,0
20,45960298,C,T,V,I,0
20,46687130,T,C,T,A,0
20,46687147,C,T,R,Q,0
20,49373185,G,A,S,L,0
20,49373353,C,T,R,Q,0
20,49373855,C,G,V,L,0
20,49373906,C,T,A,T,0
20,49374424,C,T,G,E,1
20,49374454,C,A,W,L,1
20,50891656,G,C,Q,E,0
20,50891792,A,T,S,R,0
20,50891989,C,T,E,K,0
20,50891998,C,T,D,N,0
20,50892144,T,C,N,S,0
20,50892260,G,C,Y,X,1
20,50892565,G,A,R,C,0
20,50893551,G,A,A,V,0
20,50893805,C,T,M,I,0
20,50894179,T,C,I,V,0
20,54157426,G,A,R,X,1
20,54169616,C,T,E,K,0
20,56248973,G,A,V,I,0
20,58903702,C,T,P,S,1
20,58905396,A,G,H,R,1
20,58909543,C,T,R,C,1
20,58909759,G,A,R,H,1
20,58910369,C,T,R,W,1
20,59024065,G,A,R,H,0
20,59024347,G,A,R,H,0
20,59030376,G,T,T,K,0
20,59193946,G,A,R,Q,0
20,62291736,A,G,E,G,0
20,62310219,G,A,R,W,0
20,62310750,C,T,R,Q,0
20,62312525,G,A,R,W,0
20,62312635,G,A,P,L,0
20,62316955,C,T,R,H,0
20,62317700,C,T,V,I,0
20,62317726,T,A,H,L,0
20,62318923,C,T,R,Q,0
20,62320641,C,T,R,H,0
20,62320840,C,T,A,T,0
20,62322665,C,T,R,H,0
20,62322716,T,C,H,R,0
20,62324126,C,T,A,T,0
20,62324150,C,T,V,M,0
20,62326930,G,A,H,Y,0
20,62327310,G,A,R,W,0
20,62327333,G,A,T,M,0
20,62329797,T,C,K,E,0
20,62330822,A,G,M,T,0
20,62333913,T,C,T,A,0
20,62334260,C,T,V,M,0
20,62335068,T,G,K,T,0
20,62367080,C,A,A,S,0
20,62367218,C,A,A,S,0
20,62464963,G,C,A,G,0
20,62465402,T,C,T,A,0
20,62473423,C,T,V,I,0
20,62475323,T,G,T,P,0
20,62819941,C,T,R,X,1
20,62837208,C,T,R,X,1
20,62840595,G,A,E,K,0
20,63350194,G,A,P,L,0
20,63413464,C,G,K,N,1
20,63413493,C,T,G,S,1
20,63415008,C,A,E,X,1
20,63428416,G,A,Q,X,1
20,63439657,C,A,G,C,1
20,63442411,C,T,G,S,1
20,63442469,G,C,Y,X,1
20,63444681,G,A,S,F,1
20,63472461,C,T,M,I,1
20,63661919,A,G,N,S,0
20,63690172,C,T,R,X,1
20,63690945,C,T,Q,X,1
20,63692973,G,T,E,X,1
20,63694437,G,T,E,X,1
21,14965785,G,A,S,L,0
21,14967531,T,C,H,R,0
21,31659812,G,C,V,L,1
21,31659838,G,C,Q,H,1
21,31666476,A,G,N,S,1
21,31666509,A,T,D,V,1
21,31667287,C,T,A,V,1
21,31668471,G,C,V,L,1
21,31668487,A,G,D,G,1
21,31668487,A,T,D,V,1
21,31668562,T,C,I,T,1
21,32602361,G,A,Q,X,1
21,33241950,T,G,F,V,0
21,33415005,A,G,Q,R,0
21,33549811,A,G,M,V,0
21,33550070,A,C,E,A,0
21,33550402,A,G,M,V,0
21,33550621,G,A,E,K,0
21,33550757,C,T,T,M,0
21,33551839,A,G,T,A,0
21,33551842,A,G,M,V,0
21,33552478,A,G,M,V,0
21,33552586,A,G,T,A,0
21,33552836,C,T,S,L,0
21,33552871,C,T,P,S,0
21,33552998,A,G,E,G,0
21,33553268,C,T,P,L,0
21,33553573,T,A,S,T,0
21,33553737,G,A,M,I,0
21,33553954,C,T,R,C,0
21,33554741,G,A,R,H,0
21,33555007,A,G,S,G,0
21,33579367,C,G,D,H,0
21,33579525,C,A,G,V,0
21,33581328,G,A,R,X,1
21,33583575,G,A,R,X,1
21,33583643,T,C,Y,C,1
21,33584705,G,A,P,S,1
21,33586090,A,G,F,S,1
21,34792336,G,C,Y,X,1
21,34799421,G,A,Q,X,1
21,34799454,G,A,Q,X,1
21,34834413,G,A,Q,X,1
21,34859477,G,C,R,G,1
21,34859495,C,A,D,Y,1
21,34880569,G,A,R,X,1
21,34880643,G,T,S,X,1
21,34886864,C,A,K,N,1
21,34886875,G,A,R,C,1
21,36897106,C,T,W,X,1
21,36936803,A,T,C,X,1
21,37480668,C,T,Q,X,1
21,37490364,A,G,H,R,1
21,37493107,G,A,G,R,1
21,37511914,C,T,R,C,0
21,37511951,C,G,T,S,0
21,37512019,C,T,Q,X,1
21,37512119,G,A,R,Q,0
21,37715000,T,C,I,V,0
21,42375844,A,G,C,R,1
21,42383169,G,A,R,C,1
21,42395372,G,A,R,X,1
21,42850119,C,T,R,Q,0
21,42853748,G,A,P,S,0
21,42863592,C,G,V,L,0
21,42873634,C,G,K,N,0
21,42879426,C,A,A,S,0
21,43058215,G,T,S,X,1
21,43062343,C,G,R,P,1
21,43063944,T,C,T,A,1
21,43068563,G,A,P,S,1
21,43746121,C,T,S,L,0
21,44235353,C,T,A,T,0
21,44330830,C,T,R,K,0
21,44333056,C,T,R,H,0
21,44413906,C,T,P,L,0
21,44528565,G,A,T,M,0
21,44529799,A,C,Y,X,1
21,44533797,G,A,R,X,1
21,44567895,C,T,A,T,0
21,44886783,C,A,E,X,1
21,45505182,C,T,Q,X,1
21,45509417,C,G,P,R,0
21,45509420,G,A,R,Q,0
21,45509422,C,T,R,W,0
21,45987619,G,C,G,R,1
21,45989636,G,A,G,E,1
21,46002614,T,C,S,P,0
21,46116027,G,A,G,S,1
21,46194639,G,A,R,W,0
21,46215298,G,A,A,V,0
21,46215720,T,C,Y,C,1
21,46219476,C,T,W,X,1
21,46221874,C,T,R,Q,1
21,46246830,G,T,D,E,0
21,46260864,C,A,Q,H,0
21,46265403,G,A,P,L,0
21,46283820,G,A,P,L,0
21,46284289,C,A,R,L,0
21,46411816,G,A,A,T,0
22,17188416,T,C,H,R,0
22,17209539,C,G,G,R,1
22,18913491,C,T,R,Q,0
22,18916951,C,T,A,T,0
22,18918329,C,T,A,T,0
22,18922842,G,T,T,N,0
22,18925165,A,G,W,R,0
22,18936232,G,T,P,Q,0
22,19483983,A,G,E,G,0
22,19765907,G,A,R,Q,0
22,19877181,C,A,C,F,0
22,20052581,C,T,R,X,1
22,20426187,C,T,E,K,0
22,20429763,T,A,T,S,0
22,20431352,G,A,P,S,0
22,20710808,G,A,P,S,1
22,20744630,C,T,E,K,1
22,20982486,G,T,E,X,1
22,20982551,C,A,C,X,1
22,20987548,C,A,S,X,1
22,20988032,T,G,Y,X,1
22,20988074,C,G,Y,X,1
22,20988090,C,T,Q,X,1
22,20988094,G,A,W,X,1
22,20989653,C,T,Q,X,1
22,20990418,C,A,C,X,1
22,20990442,C,A,C,X,1
22,20990470,C,T,Q,X,1
22,20991630,G,A,W,X,1
22,20991680,C,T,Q,X,1
22,20991791,C,T,Q,X,1
22,20991799,G,A,W,X,1
22,20992253,G,T,E,X,1
22,20992887,G,T,E,X,1
22,20992895,C,G,Y,X,1
22,20993673,C,G,Y,X,1
22,20993711,G,A,W,X,1
22,20994116,G,T,E,X,1
22,20994259,C,A,Y,X,1
22,20994595,C,G,Y,X,1
22,20994632,C,T,Q,X,1
22,20994640,C,A,C,X,1
22,20994644,C,T,Q,X,1
22,20994671,C,T,Q,X,1
22,20994710,C,T,Q,X,1
22,20994912,C,T,Q,X,1
22,20995760,C,T,Q,X,1
22,20995777,C,G,Y,X,1
22,20995966,C,G,Y,X,1
22,20996006,C,T,Q,X,1
22,20996027,G,T,E,X,1
22,20996045,C,T,Q,X,1
22,20996723,C,A,Y,X,1
22,20996732,C,A,Y,X,1
22,20996745,C,T,Q,X,1
22,23573465,G,A,T,I,0
22,23766263,C,G,A,P,0
22,23766269,T,G,T,P,0
22,23801053,C,T,R,X,1
22,24321549,C,T,T,M,0
22,24321580,A,T,L,F,0
22,24365499,G,A,V,M,0
22,24412660,A,T,M,L,0
22,24623188,T,C,V,A,0
22,25231716,C,T,R,C,1
22,25761101,C,G,I,M,0
22,25763322,G,A,G,E,0
22,25763360,C,T,Q,X,1
22,25768446,C,T,P,L,0
22,25769142,G,A,R,Q,0
22,25770933,G,C,W,C,0
22,25777694,T,C,W,R,0
22,25823609,C,T,R,X,1
22,25826487,C,T,S,L,0
22,25828858,A,G,K,E,0
22,25835345,G,A,W,X,1
22,25835345,G,C,W,S,0
22,25843883,C,A,H,Q,0
22,25876195,C,T,R,X,1
22,25876303,A,G,I,V,0
22,25890771,T,A,S,T,0
22,25908370,C,T,Q,X,1
22,26026799,G,A,W,X,1
22,26027014,A,G,Q,R,0
22,26027158,G,C,G,A,0
22,26027511,G,A,G,S,0
22,26463990,C,G,C,S,0
22,26616165,G,T,A,E,0
22,27796800,C,T,W,X,1
22,28689137,G,A,Q,X,1
22,28694038,C,T,W,X,1
22,28694051,A,C,L,X,1
22,28694061,C,A,E,X,1
22,28694093,A,T,L,X,1
22,28694100,T,A,K,X,1
22,28695135,G,C,S,X,1
22,28695167,G,T,Y,X,1
22,28695230,A,C,Y,X,1
22,28695230,A,T,Y,X,1
22,28695242,G,T,C,X,1
22,28695843,C,A,G,X,1
22,28699840,G,A,Q,X,1
22,28699927,C,A,G,X,1
22,28711914,C,A,E,X,1
22,28719410,G,C,S,X,1
22,28719449,G,T,S,X,1
22,28725021,A,T,L,X,1
22,28725279,G,C,Y,X,1
22,28725345,C,T,W,X,1
22,28725348,G,T,Y,X,1
22,28734403,C,A,E,X,1
22,28734487,C,A,E,X,1
22,28734616,G,A,Q,X,1
22,28734624,G,C,S,X,1
22,29480927,C,T,A,V,0
22,29480989,G,A,G,S,0
22,29489655,C,A,A,E,0
22,29490371,C,T,P,S,0
22,29490437,C,T,P,S,0
22,29673339,T,C,L,P,1
22,29678254,G,A,G,D,0
22,29681470,C,T,Q,X,1
22,29681476,C,T,Q,X,1
22,31838776,C,T,Q,X,1
22,32084539,C,G,C,W,1
22,32491175,C,T,R,X,1
22,32498456,G,A,G,S,0
22,35403454,G,A,R,Q,0
22,36261694,G,A,G,R,0
22,36265284,G,A,E,K,0
22,36265520,G,A,M,I,0
22,36265600,G,A,R,K,0
22,36265628,C,A,N,K,0
22,36265687,G,A,R,H,0
22,36289096,C,T,V,M,1
22,36302585,A,G,W,R,1
22,36929733,G,A,R,H,0
22,37051815,G,A,A,T,0
22,37128803,C,T,G,S,0
22,37715803,G,C,S,T,0
22,37723521,C,T,A,V,0
22,37723688,C,T,P,S,0
22,37723782,G,A,R,Q,0
22,37724147,G,C,A,P,0
22,37724406,A,G,N,S,0
22,37724790,G,A,R,K,0
22,37724948,C,T,R,W,0
22,37725006,C,G,T,S,0
22,37725137,C,T,R,X,1
22,37725548,G,A,A,T,0
22,37725812,C,A,P,T,0
22,37973701,G,A,Q,X,1
22,37973985,T,C,N,S,0
22,37978083,G,A,R,C,1
22,38112233,C,T,W,X,1
22,38112295,G,A,Q,X,1
22,38115649,C,T,G,R,1
22,38116156,G,A,R,W,1
22,38116183,G,A,R,W,1
22,38120831,G,A,S,L,1
22,38738202,C,T,G,S,0
22,38751230,A,C,L,R,0
22,40266269,G,A,W,X,1
22,40361282,G,A,D,N,1
22,40364910,C,T,Q,X,1
22,40418493,G,T,L,I,0
22,40418739,C,T,A,T,0
22,40418745,C,T,A,T,0
22,41117306,C,A,Q,K,0
22,41125973,T,C,L,P,0
22,41146795,C,T,P,S,0
22,41150026,C,G,P,R,0
22,41150049,A,C,T,P,0
22,41157284,A,G,N,S,0
22,41178063,A,G,M,V,0
22,41178117,A,G,M,V,0
22,41178628,A,G,Q,R,0
22,41178634,G,A,R,H,0
22,41178724,A,G,H,R,0
22,41178823,C,T,S,L,0
22,41178888,C,G,L,V,0
22,41524870,G,T,G,X,1
22,41753990,A,G,Y,C,0
22,42090719,G,A,A,V,0
22,42168712,G,T,P,T,0
22,42209723,C,T,W,X,1
22,42209899,A,C,S,A,0
22,42210625,G,C,P,A,0
22,42211065,G,A,S,L,0
22,42211588,G,C,P,A,0
22,42212052,T,C,Y,C,0
22,42213046,G,A,Q,X,1
22,42213142,T,C,S,G,0
22,42213157,C,T,V,M,0
22,42213449,C,A,K,N,0
22,42213460,G,A,R,W,0
22,42214093,T,C,M,V,0
22,42215109,G,A,A,V,0
22,42215115,G,A,A,V,0
22,45527947,A,G,Q,R,0
22,46337783,C,G,Y,X,1
22,46352172,C,T,Q,X,1
22,50068446,G,A,P,L,1
22,50077456,G,T,A,E,1
22,50083100,C,T,R,H,1
22,50083102,C,A,L,F,1
22,50218581,C,G,V,L,0
22,50220269,T,A,S,C,0
22,50220665,C,T,V,M,0
22,50221169,C,T,G,R,0
22,50221708,G,A,A,V,0
22,50224256,G,A,R,X,1
22,50227037,C,T,G,S,0
22,50244450,T,C,I,V,0
22,50523835,C,T,G,S,1
22,50523868,G,A,Q,X,1
22,50523931,G,A,Q,X,1
22,50526365,A,G,L,P,1
22,50526695,A,G,L,P,1
22,50529230,C,T,W,X,1
22,50529318,G,A,R,X,1
22,50625276,G,A,Q,X,1
22,50626603,G,A,T,I,1
22,50626721,C,A,E,X,1
22,50626911,A,G,Y,H,1
22,50627293,A,G,L,P,1
22,50627387,G,A,R,W,1
22,50627602,G,A,R,W,1
3,391015,A,G,I,V,0
3,3147476,G,T,E,X,1
3,3172870,G,A,R,X,1
3,4417150,T,C,D,G,1
3,4418029,G,A,R,X,1
3,4645595,G,A,R,K,1
3,4645621,T,C,F,L,1
3,4667444,C,T,T,I,1
3,4685114,G,A,V,M,0
3,4815149,A,C,T,P,1
3,7578638,G,A,D,N,0
3,9434347,G,A,R,H,0
3,9435865,C,G,P,A,0
3,9435880,G,A,A,T,0
3,9443392,G,C,A,P,0
3,9445250,C,T,Q,X,1
3,9447221,G,A,E,K,0
3,9447906,C,G,S,X,1
3,9447927,C,T,T,I,0
3,9448452,T,A,L,X,1
3,9448591,G,T,R,S,0
3,9453740,G,A,R,H,0
3,9464593,G,A,R,Q,0
3,9470610,C,T,P,L,0
3,9470666,C,T,R,W,0
3,9470717,C,T,R,X,1
3,9473365,G,A,D,N,0
3,9473367,C,A,D,E,0
3,9475499,G,T,S,I,0
3,9475685,C,T,T,I,0
3,9475696,G,A,A,T,0
3,9739150,C,T,R,X,1
3,9739832,G,A,W,X,1
3,9745697,G,A,V,M,0
3,9918386,C,T,S,L,0
3,9928347,A,G,Q,R,0
3,10039292,G,T,E,X,1
3,10043143,C,T,R,X,1
3,10065974,C,T,R,X,1
3,10074659,G,T,E,X,1
3,10087135,C,T,Q,X,1
3,10087183,C,T,Q,X,1
3,10088463,C,T,Q,X,1
3,10092220,C,T,R,X,1
3,10142149,T,G,L,R,1
3,10146556,T,C,L,P,1
3,10149798,A,T,K,X,1
3,10358908,T,C,N,S,0
3,10371913,C,T,V,I,0
3,11025513,C,T,T,M,0
3,11025778,G,A,W,X,1
3,12381463,A,G,Y,C,1
3,14156358,A,T,C,X,1
3,14158129,T,C,Y,C,1
3,15456508,G,C,D,E,1
3,15489569,G,A,P,S,1
3,15642017,G,A,W,X,1
3,18349538,G,A,R,X,1
3,18352183,C,T,E,K,1
3,18386599,C,G,E,Q,1
3,25598473,G,A,P,L,0
3,25720047,G,A,R,X,1
3,25751185,G,A,Q,X,1
3,27291329,A,G,L,S,0
3,30672317,G,C,R,S,1
3,30672423,G,C,A,P,1
3,30674229,G,C,R,P,1
3,30691474,G,A,A,T,1
3,33014210,C,T,W,X,1
3,33046178,A,G,L,P,1
3,33046190,T,C,Y,C,1
3,33046194,C,T,D,N,1
3,33058253,C,T,G,D,1
3,33058265,T,G,E,A,1
3,33114529,T,C,L,P,1
3,36993647,G,T,E,X,1
3,36996621,T,G,L,X,1
3,36996623,G,T,D,Y,1
3,36996656,A,T,K,X,1
3,36996671,A,T,K,X,1
3,37001051,G,T,E,X,1
3,37007016,A,T,K,X,1
3,37008831,C,A,Y,X,1
3,37012014,G,T,G,X,1
3,37014454,G,T,E,X,1
3,37020312,T,A,L,X,1
3,37020416,G,T,E,X,1
3,37025701,C,A,S,X,1
3,37025715,G,T,G,X,1
3,37025727,A,T,K,X,1
3,37025742,C,T,Q,X,1
3,37025886,G,T,E,X,1
3,37025965,C,A,S,X,1
3,37025965,C,G,S,X,1
3,37025974,C,G,S,X,1
3,37026006,A,T,R,X,1
3,37040271,C,A,Y,X,1
3,37042291,T,G,L,R,1
3,37042327,T,G,L,X,1
3,37042330,C,A,S,X,1
3,37047556,T,A,L,X,1
3,37047617,C,G,Y,X,1
3,37047683,G,C,E,D,1
3,37047683,G,T,E,D,1
3,37048558,T,A,Y,X,1
3,37050559,C,A,S,X,1
3,38551459,C,A,R,L,1
3,38581062,G,A,Q,X,1
3,38597737,C,G,G,R,1
3,38633133,G,A,Q,X,1
3,38698083,T,C,M,V,0
3,38698197,G,A,P,S,0
3,38725229,G,A,A,V,0
3,38725250,C,T,G,E,0
3,38728732,C,T,R,Q,0
3,38728858,G,A,T,I,0
3,38728895,C,T,V,I,0
3,38755805,A,G,Y,H,0
3,38761344,T,C,K,R,0
3,38789020,T,C,I,V,0
3,38863293,C,T,G,S,0
3,38899968,G,A,L,F,0
3,38904029,A,T,C,S,0
3,38946821,G,C,I,M,0
3,39396437,C,T,R,X,1
3,41239146,G,A,R,H,0
3,42202557,G,A,E,K,0
3,42686321,G,T,E,X,1
3,43718488,G,T,E,X,1
3,45400372,A,G,Q,R,0
3,45516139,C,T,T,M,0
3,45828570,C,T,A,T,0
3,45959524,C,T,W,X,1
3,46701546,T,A,V,E,0
3,47088238,C,T,E,K,1
3,47120576,C,T,D,N,0
3,47122540,T,C,D,G,0
3,47410173,C,T,P,L,0
3,47410343,G,A,V,M,0
3,47410628,G,A,A,T,0
3,47411093,C,T,P,S,0
3,47411882,G,A,V,M,0
3,48457306,C,T,P,L,0
3,48566545,C,T,G,S,1
3,48566968,C,A,G,V,1
3,48567022,C,T,G,E,1
3,48567172,C,T,G,R,1
3,48567582,C,T,G,S,1
3,48568804,G,A,R,C,1
3,48569389,C,T,D,N,0
3,48569440,G,A,R,X,1
3,48570145,G,A,R,X,1
3,48570884,G,A,Q,X,1
3,48572018,C,T,G,R,1
3,48574804,C,A,G,V,1
3,48575108,C,T,G,R,1
3,48575241,C,A,G,V,1
3,48575373,C,T,G,E,1
3,48575400,C,T,G,D,1
3,48575475,C,A,G,V,1
3,48575496,C,T,R,H,1
3,48577000,C,T,G,R,1
3,48578500,G,A,R,C,1
3,48579389,G,A,R,X,1
3,48580047,C,T,G,E,1
3,48581744,C,T,A,T,0
3,48583023,G,A,A,V,0
3,48585971,C,T,R,Q,0
3,48587199,G,A,Q,X,1
3,48587485,C,T,W,X,1
3,48587858,C,T,R,H,0
3,48587928,G,A,Q,X,1
3,48589697,G,A,T,M,0
3,48590219,G,A,R,X,1
3,48590482,C,T,R,Q,0
3,48590528,G,A,R,X,1
3,48591757,G,A,Q,X,1
3,48592662,C,T,R,Q,0
3,48593108,G,A,R,X,1
3,48593219,G,A,Q,X,1
3,48593356,C,T,G,R,1
3,48593428,C,T,G,R,1
3,48858527,G,A,R,X,1
3,48862544,C,T,R,Q,1
3,49046447,T,C,Y,C,1
3,49046565,G,A,R,X,1
3,49121832,C,T,R,Q,0
3,49123930,G,A,R,X,1
3,49417962,G,A,R,X,1
3,49421514,A,G,I,T,1
3,49422405,G,A,Q,X,1
3,49722606,T,C,Q,R,0
3,49842486,C,T,R,H,0
3,50193388,C,A,Y,X,1
3,50342561,G,A,Q,X,1
3,50343327,G,A,Q,X,1
3,52122467,C,T,W,X,1
3,52356692,C,T,Q,X,1
3,52356773,C,T,R,W,0
3,52382378,C,T,R,X,1
3,52404521,G,C,Y,X,1
3,52406883,C,T,W,X,1
3,52409570,G,A,Q,X,1
3,52409876,C,G,M,I,1
3,53091923,G,A,R,C,0
3,53726960,G,A,V,I,0
3,53753635,G,T,V,L,0
3,53801395,G,A,R,Q,0
3,53803427,G,A,D,N,0
3,53805089,G,A,V,I,0
3,57098007,G,A,P,S,0
3,57102557,C,T,V,M,0
3,57104391,G,A,T,M,0
3,57237538,A,G,E,G,0
3,57257260,C,T,P,L,0
3,57268430,A,G,I,M,0
3,57269656,A,G,E,G,0
3,58126712,C,T,A,V,0
3,58130821,G,A,V,I,0
3,58146028,G,A,V,I,0
3,58148218,G,A,R,Q,0
3,58148319,C,T,R,X,1
3,58153470,G,A,V,I,0
3,58156064,A,C,M,L,0
3,58534501,G,A,P,L,0
3,64522181,C,T,R,Q,0
3,64541599,T,C,K,R,0
3,64546800,G,C,D,E,0
3,64550950,C,T,R,H,0
3,64594392,C,T,V,I,0
3,64686798,A,T,S,T,0
3,69959293,G,A,G,E,1
3,69959337,C,T,R,X,1
3,69964865,C,T,R,X,1
3,69965055,C,A,T,N,0
3,70977860,T,A,Y,F,0
3,70977942,C,T,A,T,0
3,71198222,C,T,A,T,0
3,78614723,C,A,V,L,0
3,78714514,G,A,R,X,1
3,81535304,C,A,E,X,1
3,81577982,T,A,K,X,1
3,81594016,T,C,I,V,0
3,81642878,C,A,G,X,1
3,81642965,G,A,Q,X,1
3,81648984,T,G,H,P,1
3,81649871,C,T,W,X,1
3,81670946,C,T,W,X,1
3,97768111,G,T,G,X,1
3,97780657,C,G,Y,X,1
3,97791772,G,T,A,S,0
3,101273733,C,A,E,X,1
3,113788786,T,C,S,P,1
3,113789807,C,T,P,S,1
3,114339349,G,T,H,N,1
3,114351377,C,T,S,N,0
3,119390895,C,T,R,C,0
3,119414463,A,T,D,V,0
3,120650841,C,T,G,R,1
3,120650849,C,A,C,F,1
3,120650865,C,G,G,R,1
3,120674952,T,G,E,A,1
3,121781820,G,A,R,X,1
3,121994185,G,A,R,X,1
3,122254191,T,C,M,T,1
3,122257085,A,G,N,D,1
3,122257104,G,A,W,X,1
3,122257244,C,T,Q,X,1
3,122257279,C,G,F,L,1
3,122261553,T,C,L,P,1
3,122262091,G,A,W,X,1
3,122262411,A,G,Q,R,1
3,122284460,G,T,V,L,1
3,123318096,G,A,R,X,1
3,123448517,G,A,P,L,0
3,127604769,G,A,R,H,0
3,127604932,A,G,K,R,0
3,127619115,C,T,A,V,0
3,127620867,G,A,R,H,0
3,128481275,C,A,R,L,1
3,128481833,A,C,Y,D,1
3,128481849,G,C,N,K,1
3,128486855,G,C,Y,X,1
3,128884707,C,T,Q,X,1
3,128893563,C,T,R,X,1
3,128893650,G,T,E,X,1
3,128906139,G,A,A,T,1
3,129436571,A,G,I,T,0
3,129436608,C,T,E,K,0
3,129436620,A,G,S,P,0
3,129436827,C,T,A,T,0
3,129437276,G,A,S,L,0
3,129437874,A,G,C,R,0
3,129481566,G,A,V,I,0
3,129528801,C,T,P,L,1
3,129532363,C,G,P,A,1
3,130388724,T,G,V,G,0
3,132682740,G,A,R,X,1
3,132682758,G,C,L,V,1
3,132701527,G,A,Q,X,1
3,132704208,C,T,G,E,0
3,133947365,C,T,A,T,0
3,136298035,C,T,Q,X,1
3,136301092,T,G,M,R,1
3,136316965,G,T,E,X,1
3,136326858,T,A,D,E,1
3,136326884,T,C,F,S,1
3,136327647,C,T,A,V,1
3,136473547,G,A,R,X,1
3,136623207,C,T,S,N,0
3,138067600,T,C,K,E,0
3,138068205,C,T,R,H,0
3,138068331,G,A,A,V,0
3,138068350,T,C,T,A,0
3,138088417,G,A,R,W,0
3,138162242,C,G,E,Q,0
3,142496408,G,A,R,X,1
3,146079133,G,A,R,X,1
3,147396245,C,G,G,R,0
3,148741450,C,T,R,X,1
3,148994180,G,A,A,T,0
3,149024090,C,T,R,X,1
3,149129730,C,T,Q,X,1
3,149129758,C,A,S,X,1
3,149140222,G,T,G,X,1
3,149141127,G,T,E,X,1
3,149157526,C,A,Y,X,1
3,149158752,G,A,W,X,1
3,149163947,C,T,Q,X,1
3,149921182,C,T,R,C,0
3,150928122,A,T,Y,X,1
3,150972519,C,T,G,R,1
3,150972560,G,T,S,X,1
3,151446184,G,C,T,S,0
3,151447129,G,T,T,K,0
3,151453618,C,T,E,K,0
3,155084189,A,G,M,V,0
3,155172186,C,T,Q,X,1
3,158644703,G,A,W,X,1
3,158646907,C,T,R,X,1
3,158653319,C,T,R,X,1
3,158658928,C,T,R,X,1
3,158659024,C,T,Q,X,1
3,158666361,C,T,R,X,1
3,158684641,C,T,R,X,1
3,164983004,G,T,Q,K,0
3,164991462,C,T,V,I,0
3,164994281,G,A,T,I,1
3,165021254,G,A,R,X,1
3,165030739,G,T,C,X,1
3,165046891,C,A,E,X,1
3,165049235,T,A,D,V,1
3,165065376,G,C,T,S,0
3,165830440,A,C,D,E,1
3,169107940,C,T,D,N,0
3,169122674,T,C,Q,R,0
3,171006036,G,A,R,X,1
3,171620433,T,G,Y,S,1
3,171644995,C,T,V,M,0
3,171686688,C,A,A,S,0
3,177050034,A,T,V,D,1
3,179199102,C,T,R,W,1
3,179199169,G,C,R,P,1
3,179210279,C,A,P,T,1
3,179230256,A,G,D,G,1
3,179230348,G,A,E,K,1
3,179234169,G,A,M,I,1
3,179234218,T,C,Y,H,1
3,180616897,G,A,Q,X,1
3,181712858,G,A,W,X,1
3,181712873,C,G,Y,X,1
3,183020199,G,C,Y,X,1
3,183045422,C,T,W,X,1
3,183071310,C,A,G,V,1
3,183086749,G,A,Q,X,1
3,183086752,G,A,Q,X,1
3,183762139,G,A,A,T,0
3,184136619,T,C,L,S,1
3,184137767,C,G,I,M,1
3,184140134,C,T,R,X,1
3,184140487,A,T,M,L,1
3,184142048,C,T,P,L,1
3,184353320,C,G,R,T,0
3,184353662,C,A,E,X,1
3,184373106,G,A,R,X,1
3,186583914,A,G,I,V,0
3,187236144,C,A,R,M,0
3,189631535,G,T,R,L,0
3,189868594,G,A,G,D,1
3,189868714,G,A,R,H,0
3,189890806,G,T,G,V,1
3,189894228,C,T,P,L,1
3,189974623,G,A,Q,X,1
3,189988910,G,A,R,X,1
3,190120353,G,A,R,C,0
3,190120419,C,T,A,T,0
3,190408418,G,T,G,C,1
3,193648085,T,C,L,P,1
3,194433790,G,A,R,C,1
3,195870129,G,C,L,V,0
3,196073940,C,T,G,S,0
3,196488678,C,T,D,N,0
3,197951272,A,G,Y,C,1
4,521172,C,T,Q,X,1
4,521700,G,A,R,H,0
4,523672,T,C,C,R,0
4,523800,G,A,W,X,1
4,527064,G,A,V,I,0
4,533888,T,C,I,T,0
4,539212,T,C,F,S,0
4,625888,C,T,Q,X,1
4,662584,G,A,D,N,1
4,987085,A,G,M,V,1
4,987837,C,T,Q,X,1
4,989272,T,C,Q,R,0
4,989606,C,T,V,I,0
4,991523,G,A,R,C,0
4,991581,G,C,C,W,0
4,991630,C,T,R,Q,0
4,1001506,G,A,E,K,1
4,1001514,G,A,W,X,1
4,1001695,C,G,Y,X,1
4,1002145,C,A,A,E,1
4,1003443,T,A,C,X,1
4,1004289,G,T,V,F,1
4,1004299,T,C,L,P,1
4,1004314,G,C,R,P,1
4,1004329,C,A,S,X,1
4,1212316,T,A,H,L,0
4,1228294,G,A,T,I,0
4,1801411,C,G,L,V,0
4,1804842,G,A,A,T,0
4,1806867,C,A,S,Y,0
4,1807261,G,C,X,S,1
4,1841615,T,C,H,R,0
4,1900995,C,G,T,S,0
4,1978831,G,C,K,N,0
4,3130311,A,G,Q,R,0
4,3187783,T,C,C,R,0
4,3220271,A,T,E,D,0
4,3228701,C,A,D,E,0
4,3476461,C,T,Q,X,1
4,3493253,C,T,Q,X,1
4,5622555,C,T,W,X,1
4,5625828,A,T,L,X,1
4,5752905,C,T,Q,X,1
4,5753796,C,T,R,X,1
4,5797213,G,A,W,X,1
4,5798679,G,T,E,X,1
4,6289058,G,A,W,X,1
4,6300891,C,T,Q,X,1
4,6300943,G,A,R,H,0
4,6301084,C,A,S,X,1
4,6301228,G,A,W,X,1
4,6301353,C,T,Q,X,1
4,6301414,G,A,W,X,1
4,6302000,C,G,Y,X,1
4,6302001,G,A,G,S,1
4,6302211,G,C,A,P,1
4,10087915,T,C,H,R,0
4,15528725,C,T,R,X,1
4,15574243,C,T,R,X,1
4,15596103,C,T,R,X,1
4,15991249,A,C,Y,X,1
4,16226321,A,C,L,R,0
4,22424214,C,T,G,S,0
4,25145127,G,A,R,X,1
4,25160369,T,C,M,V,1
4,39244311,C,T,R,X,1
4,39268052,C,T,Q,X,1
4,39316971,G,A,R,X,1
4,39448609,C,A,Q,K,0
4,39460844,A,T,K,X,1
4,39467558,C,T,R,X,1
4,41747486,G,A,Q,X,1
4,41747529,G,T,Y,X,1
4,41748598,C,A,E,X,1
4,44680448,T,C,L,P,0
4,46261990,G,A,A,V,1
4,47943269,C,A,E,X,1
4,52028750,G,A,Q,X,1
4,52029782,G,A,R,X,1
4,52029832,A,G,I,T,1
4,52033592,C,A,E,X,1
4,55981333,T,G,L,X,1
4,56930734,G,A,V,I,0
4,56930871,G,T,E,D,0
4,56930934,G,T,E,D,0
4,56931094,C,A,Q,K,0
4,56931142,A,C,K,Q,0
4,56931184,C,G,P,A,0
4,56931248,C,T,P,L,0
4,56931301,C,T,P,S,0
4,64309897,G,A,R,X,1
4,64314663,C,T,R,H,0
4,64409219,G,A,P,S,0
4,64409319,T,A,E,D,0
4,67740670,A,C,L,R,1
4,67753935,A,C,V,G,1
4,78267385,C,T,Q,X,1
4,78318831,C,T,A,V,0
4,78400774,G,A,W,X,1
4,78464062,C,T,R,X,1
4,78466262,C,T,R,X,1
4,83284694,C,T,W,X,1
4,83462657,C,T,A,T,0
4,84691741,T,C,I,V,0
4,84721543,G,A,R,X,1
4,84794624,G,A,R,X,1
4,85994730,A,G,Q,R,0
4,85994903,C,G,P,A,0
4,87612334,G,C,A,P,0
4,87613921,T,C,V,A,0
4,87614674,G,A,S,N,0
4,87616109,A,T,E,D,0
4,88019502,G,T,E,X,1
4,88038425,G,T,E,X,1
4,88056206,C,T,Q,X,1
4,88056233,C,T,Q,X,1
4,88058044,C,T,R,X,1
4,88065419,G,T,V,L,0
4,92590245,C,T,T,M,0
4,93422891,G,A,V,I,0
4,93490725,A,G,T,A,1
4,94249688,G,A,S,N,0
4,94252628,T,C,V,A,0
4,99558120,G,A,R,X,1
4,99558171,G,A,R,X,1
4,101029169,C,A,E,X,1
4,101196084,C,A,A,S,0
4,102267552,C,T,A,T,0
4,102596225,T,C,I,T,0
4,102606542,A,C,E,A,0
4,102722876,G,A,R,W,1
4,102722890,T,C,H,R,0
4,103106248,C,T,D,N,0
4,103138385,G,A,T,M,0
4,105396272,C,G,K,N,0
4,105453614,C,T,R,Q,0
4,106095607,T,G,I,L,0
4,106230406,G,C,Y,X,1
4,106295113,G,A,R,X,1
4,106328087,C,G,P,A,0
4,107931986,G,A,G,S,1
4,109760523,C,T,A,T,1
4,109761565,T,C,M,V,0
4,110618578,G,C,Y,X,1
4,110618670,G,A,R,W,1
4,110621289,G,A,R,W,1
4,112429231,C,A,P,Q,0
4,112430694,A,G,K,E,0
4,112431241,G,A,G,D,0
4,112431472,A,G,H,R,0
4,112431743,G,A,M,I,0
4,112431799,C,T,P,L,0
4,112432000,G,A,C,Y,0
4,112432129,T,C,M,T,0
4,112441087,C,A,P,T,0
4,118723637,G,A,R,X,1
4,119256334,A,G,K,R,0
4,121813987,A,G,I,V,0
4,121816810,G,C,S,T,0
4,121835197,G,C,Y,X,1
4,121848900,T,G,Q,P,1
4,121861658,C,T,G,R,1
4,122742064,G,T,E,X,1
4,122742337,C,T,Q,X,1
4,122743508,G,A,G,D,1
4,122743625,C,A,S,X,1
4,122743691,C,G,S,X,1
4,122743945,C,T,Q,X,1
4,122979327,C,T,Q,X,1
4,125317253,C,T,T,I,0
4,125318627,A,G,N,S,0
4,125318861,C,T,A,V,0
4,125320373,T,C,F,S,0
4,125448476,C,T,A,V,0
4,125449864,A,C,S,R,0
4,125452270,A,G,S,G,0
4,125489904,G,T,G,V,0
4,127706945,A,C,L,F,0
4,127886064,T,A,S,T,0
4,127889962,G,C,W,S,0
4,127893809,G,T,E,D,0
4,127920750,C,T,W,X,1
4,127921898,A,C,L,X,1
4,127943932,G,A,Q,X,1
4,139378848,A,C,N,H,0
4,139386174,C,T,R,X,1
4,139472836,C,T,Q,X,1
4,145639504,T,C,L,P,1
4,145639573,G,A,R,Q,1
4,146294038,T,C,I,V,0
4,148154722,G,A,R,X,1
4,150435621,G,A,R,X,1
4,152322985,G,A,R,W,1
4,154744830,C,A,C,X,1
4,157332903,C,T,R,X,1
4,158680584,G,A,R,Q,1
4,158682270,C,T,A,V,1
4,158682288,T,A,L,X,1
4,158682363,C,G,S,X,1
4,158690384,G,A,A,T,1
4,158690393,G,A,D,N,1
4,158697599,T,G,V,G,1
4,158699088,G,C,R,S,1
4,158699096,A,G,Y,C,1
4,158703533,A,C,L,F,1
4,158706298,T,G,Y,X,1
4,158706674,T,C,I,T,1
4,158706812,C,A,S,X,1
4,158706817,T,C,Y,H,1
4,158706835,C,T,R,X,1
4,158708504,G,A,G,R,1
4,163128904,T,G,Y,S,0
4,163129034,C,T,G,S,0
4,163164273,T,C,I,V,0
4,163166462,G,A,S,L,0
4,163166645,G,A,A,V,0
4,165379436,C,T,A,V,0
4,169406633,C,A,E,X,1
4,169424582,T,C,T,A,0
4,169507087,G,A,R,X,1
4,177437432,C,A,E,X,1
4,182688214,C,T,T,M,0
4,182792334,C,T,R,C,0
4,183685343,C,T,R,X,1
4,186280505,G,A,G,R,1
4,186595785,G,T,L,I,0
4,186596887,T,C,D,G,0
4,186598052,C,G,K,N,0
4,186603310,G,A,A,V,0
4,186603371,C,T,V,M,0
4,186603866,A,C,S,A,0
4,186609868,A,G,V,A,0
4,186613124,T,C,T,A,0
4,186617117,T,A,K,I,0
4,186617788,T,A,Q,L,0
4,186617788,T,G,Q,P,0
4,186618169,C,T,S,N,0
4,186618434,T,C,I,V,0
4,186619481,T,G,T,P,0
4,186619764,G,C,D,E,0
4,186621601,T,C,N,S,0
4,186628274,C,T,A,T,0
4,186628729,C,T,R,H,0
4,186636739,T,C,H,R,0
4,186706638,T,C,R,G,0
4,186707244,C,G,V,L,0
4,186707402,T,C,H,R,0
4,186707922,C,T,A,T,0
4,186707986,G,C,F,L,0
4,186708384,C,T,V,I,0
4,186708616,A,C,S,R,0
4,186709436,G,A,A,V,0
4,186709443,C,G,V,L,0
4,186709751,C,T,R,Q,0
4,186709772,C,G,G,A,0
5,218358,G,T,M,I,1
5,218378,C,A,S,X,1
5,223497,C,T,Q,X,1
5,225560,G,T,E,X,1
5,225952,C,T,Q,X,1
5,228196,T,G,Y,X,1
5,230883,G,C,G,R,1
5,236581,G,T,E,X,1
5,474989,A,G,C,R,0
5,1258604,G,A,A,V,1
5,1293705,A,T,L,Q,0
5,1801526,G,T,E,X,1
5,6611016,G,A,R,X,1
5,7873409,G,A,V,M,1
5,7878305,C,T,Q,X,1
5,7886686,C,T,R,X,1
5,7892729,C,G,S,X,1
5,7892831,G,A,W,X,1
5,11385091,C,T,A,T,0
5,11385187,C,T,A,T,0
5,13718984,C,A,E,X,1
5,13727531,C,T,W,X,1
5,13758917,C,A,E,X,1
5,13766102,G,T,C,X,1
5,13786184,C,T,V,I,0
5,13793695,G,A,Q,X,1
5,13793707,G,A,Q,X,1
5,13820448,G,A,Q,X,1
5,13829572,C,T,V,I,0
5,13862708,G,A,Q,X,1
5,13870926,G,C,Y,X,1
5,13882980,G,T,T,N,0
5,13883038,C,T,V,I,0
5,13885151,C,T,V,I,0
5,13886108,G,A,Q,X,1
5,13901329,T,C,I,V,0
5,13911403,G,A,Q,X,1
5,13922303,G,A,A,V,0
5,14394101,C,T,R,X,1
5,14394119,C,T,L,F,1
5,14397113,C,G,P,R,1
5,14406634,G,A,A,T,0
5,14465548,T,C,S,P,0
5,14474003,G,A,A,T,0
5,14487794,C,T,A,V,0
5,14488118,C,T,P,L,0
5,14492805,G,A,G,E,0
5,14502605,A,T,T,S,0
5,14508285,G,A,G,S,0
5,14508301,C,T,T,M,0
5,32786283,A,G,N,D,0
5,33947251,A,G,L,P,1
5,33982320,C,G,D,H,1
5,34937560,G,T,E,X,1
5,35873558,C,T,R,X,1
5,36970942,C,T,P,L,0
5,36976085,A,G,N,S,0
5,36984987,A,C,K,Q,0
5,36985166,A,C,K,N,0
5,36985408,G,A,R,H,0
5,37000384,C,T,R,X,1
5,37064561,C,T,T,M,0
5,37121756,G,A,R,X,1
5,37182986,T,C,D,G,0
5,37198775,G,T,A,E,1
5,37224271,G,A,Q,X,1
5,37247698,T,C,M,V,1
5,38502768,G,C,S,X,1
5,38527227,C,A,E,X,1
5,39311274,G,A,A,V,0
5,39331711,G,A,R,X,1
5,39341162,G,A,R,X,1
5,40955459,G,C,S,T,0
5,40955497,C,T,R,X,1
5,40955551,A,C,K,Q,0
5,41159151,C,T,R,Q,0
5,41186084,T,G,N,H,0
5,41203221,G,A,R,C,0
5,42699860,T,A,L,X,1
5,44388493,C,A,G,X,1
5,45262744,T,C,Q,R,0
5,55233217,G,A,Q,X,1
5,55941604,A,C,D,E,0
5,55968325,C,G,G,R,0
5,55968364,T,C,I,V,0
5,56815877,G,A,G,R,0
5,56881788,T,C,V,A,0
5,58974690,T,C,I,V,0
5,58974914,C,T,R,Q,0
5,60890964,G,C,Y,X,1
5,60922155,G,T,Y,X,1
5,61332829,C,T,A,V,0
5,61521401,A,G,N,S,0
5,61525958,G,C,G,R,0
5,61531513,A,G,H,R,0
5,61535560,C,G,F,L,0
5,61541899,C,G,L,V,0
5,61543457,G,A,V,I,0
5,61543559,G,A,V,I,0
5,62348105,G,A,E,K,1
5,63961061,C,A,R,L,0
5,64785511,C,T,R,X,1
5,64801318,C,G,P,A,0
5,66054589,C,T,P,S,0
5,68280991,C,T,R,X,1
5,69509196,C,T,R,X,1
5,71510931,C,G,A,G,0
5,71562423,A,G,N,S,0
5,71587552,C,T,Q,X,1
5,71592986,A,T,K,X,1
5,71596313,C,G,S,X,1
5,71604362,C,T,S,L,1
5,71604436,C,T,Q,X,1
5,71626706,A,T,I,F,1
5,71632142,G,T,E,X,1
5,71641057,G,A,G,R,1
5,71646269,A,C,N,T,1
5,71646269,A,G,N,S,1
5,72196350,C,T,R,X,1
5,73849065,A,T,L,F,0
5,74693645,T,A,L,X,1
5,74705287,T,A,Y,X,1
5,74720732,G,A,R,H,1
5,74740089,C,A,V,L,0
5,75685278,C,T,A,T,0
5,75685328,G,A,A,V,0
5,75707853,T,C,H,R,0
5,78128053,G,A,R,X,1
5,78780460,G,T,Y,X,1
5,78969160,C,T,W,X,1
5,80654774,C,G,S,X,1
5,80654803,C,T,R,X,1
5,80654863,C,T,Q,X,1
5,80654947,C,T,Q,X,1
5,80656495,G,T,E,X,1
5,80665176,C,G,S,X,1
5,80670155,T,G,L,X,1
5,80670238,C,T,Q,X,1
5,80670241,C,T,Q,X,1
5,80670264,T,A,C,X,1
5,80670279,T,A,Y,X,1
5,80670280,A,T,K,X,1
5,80675099,A,T,K,X,1
5,80725507,C,G,Y,X,1
5,80725540,T,A,Y,X,1
5,80725540,T,G,Y,X,1
5,80741474,C,T,Q,X,1
5,80744538,G,A,W,X,1
5,80744588,G,A,W,X,1
5,80744596,C,T,Q,X,1
5,80761547,G,T,E,X,1
5,80761590,C,A,S,X,1
5,80761610,C,T,Q,X,1
5,80768977,C,T,Q,X,1
5,80768998,C,T,Q,X,1
5,80778768,C,G,Y,X,1
5,80778793,C,T,Q,X,1
5,80778821,G,A,W,X,1
5,80792809,C,T,Q,X,1
5,80813677,C,T,Q,X,1
5,80813691,T,A,Y,X,1
5,80854154,T,A,Y,X,1
5,80864858,G,T,E,X,1
5,80873127,C,T,Q,X,1
5,83195855,T,C,I,T,0
5,83204915,G,T,A,S,0
5,83519702,G,A,V,I,0
5,83540423,G,A,A,T,0
5,83540888,C,A,L,I,0
5,90628800,C,T,R,X,1
5,90642712,G,A,G,R,0
5,90657967,C,T,Q,X,1
5,90675287,G,A,A,T,0
5,90676153,C,G,S,C,0
5,90681410,A,G,S,G,0
5,90684007,C,T,P,L,0
5,90689980,C,T,Q,X,1
5,90694380,C,G,L,V,0
5,90791233,C,T,R,X,1
5,90829047,G,A,S,N,0
5,93585043,G,A,S,N,0
5,93585343,A,G,K,R,1
5,93585388,G,A,C,Y,1
5,95490951,C,A,R,S,0
5,95512555,C,A,E,X,1
5,95520812,C,T,G,D,1
5,95524543,G,C,Y,X,1
5,95525414,G,C,L,V,0
5,95543187,C,T,W,X,1
5,96429259,C,T,R,Q,0
5,96750599,G,A,A,T,0
5,96750630,G,C,C,S,0
5,112767236,A,T,K,X,1
5,112767367,T,G,Y,X,1
5,112775631,C,A,S,X,1
5,112775663,A,T,K,X,1
5,112801327,C,T,Q,X,1
5,112801339,C,T,Q,X,1
5,112818980,T,A,Y,X,1
5,112819138,T,A,L,X,1
5,112819280,C,A,Y,X,1
5,112827959,A,T,R,X,1
5,112834982,T,G,L,X,1
5,112837648,G,A,W,X,1
5,112837677,C,T,Q,X,1
5,112837755,G,T,G,X,1
5,112837771,T,G,L,X,1
5,112837806,A,T,K,X,1
5,112837834,C,A,S,X,1
5,112837971,C,T,Q,X,1
5,112837991,T,A,Y,X,1
5,112838062,C,G,S,X,1
5,112838101,C,A,S,X,1
5,112838278,C,G,S,X,1
5,112838462,C,G,Y,X,1
5,112838526,C,T,Q,X,1
5,112838671,A,G,N,S,1
5,112838697,C,T,Q,X,1
5,112838727,C,T,Q,X,1
5,112838877,C,T,Q,X,1
5,112839035,C,G,Y,X,1
5,112839054,G,T,E,X,1
5,112839160,C,A,S,X,1
5,112839175,C,A,S,X,1
5,112839219,G,T,E,X,1
5,112839303,C,T,Q,X,1
5,112839318,C,T,Q,X,1
5,112839411,A,T,R,X,1
5,112839450,G,T,E,X,1
5,112839501,C,T,Q,X,1
5,112839522,A,T,K,X,1
5,112839714,G,T,E,X,1
5,112839793,C,A,S,X,1
5,112839816,G,T,E,X,1
5,112840032,C,T,Q,X,1
5,112840057,T,G,L,X,1
5,112840285,T,G,L,X,1
5,112840473,C,T,Q,X,1
5,112840623,G,T,G,X,1
5,112840749,G,T,E,X,1
5,112841339,G,C,K,N,0
5,112842108,G,T,E,X,1
5,112842354,A,T,K,X,1
5,112843164,A,T,K,X,1
5,112843476,C,T,Q,X,1
5,119477488,C,T,Q,X,1
5,119489221,G,T,V,L,1
5,119499512,G,T,G,X,1
5,122077891,G,A,P,L,0
5,123346640,C,T,R,H,0
5,123350033,C,G,Q,H,0
5,123383042,G,C,L,V,0
5,123399138,G,T,Q,K,0
5,123422971,T,C,I,V,0
5,126555963,T,C,Y,C,1
5,126568271,G,A,Q,X,1
5,128084478,G,C,G,A,0
5,128345533,T,G,H,P,0
5,128408695,T,C,T,A,0
5,131171022,T,C,M,T,1
5,131182237,A,C,I,L,0
5,131671732,G,C,D,E,0
5,131672501,T,C,Q,R,0
5,132327369,T,C,I,T,0
5,132384280,T,C,Y,H,1
5,132385354,C,T,R,C,1
5,132385415,C,G,P,R,1
5,132387059,C,T,Q,X,1
5,132559293,G,T,E,X,1
5,132575852,C,T,Q,X,1
5,132579366,G,T,E,X,1
5,132588086,C,T,Q,X,1
5,132591978,G,A,W,X,1
5,132608621,A,T,K,X,1
5,132899640,T,C,M,V,0
5,132934307,G,A,P,L,1
5,134609672,G,A,R,X,1
5,138427313,G,A,A,T,1
5,138427317,A,G,Y,C,1
5,139476430,G,A,S,L,0
5,139477397,C,T,R,Q,0
5,139478340,C,G,G,A,0
5,139481493,C,T,R,H,0
5,140550875,A,G,I,T,0
5,140557240,G,C,Q,E,0
5,140693607,T,G,L,X,1
5,140694205,T,G,Y,X,1
5,141945582,C,G,E,D,0
5,141955933,C,T,S,N,0
5,141957401,G,A,R,X,1
5,141957689,G,C,R,G,0
5,145866522,T,G,L,F,0
5,148111807,C,T,R,X,1
5,148425557,T,C,S,P,0
5,149006929,A,T,Y,X,1
5,149027521,G,T,C,X,1
5,149040611,A,C,Y,X,1
5,149895227,G,A,R,W,1
5,149898484,C,T,W,X,1
5,149899521,C,A,E,X,1
5,149980502,T,A,C,X,1
5,149980839,C,T,Q,X,1
5,149981021,T,G,Y,X,1
5,149981232,C,T,Q,X,1
5,150056317,G,A,R,C,1
5,150123096,G,A,P,L,0
5,150124276,T,C,N,S,1
5,150129769,C,T,V,M,0
5,150129816,C,T,R,H,0
5,150129898,C,T,V,M,0
5,150132763,C,T,V,M,0
5,150134757,T,G,R,S,0
5,150134840,C,T,G,S,0
5,150137031,G,A,A,V,0
5,150368821,G,A,E,K,0
5,150375352,G,A,G,E,0
5,150375385,T,C,M,T,0
5,150375880,G,A,E,K,0
5,150392149,C,T,Q,X,1
5,150392749,G,A,A,T,0
5,150532975,G,A,A,T,0
5,150648846,T,A,S,T,0
5,150650199,G,A,G,S,0
5,151316935,G,A,A,V,0
5,151507321,G,A,P,L,0
5,151521700,C,T,M,I,0
5,151522052,A,G,L,S,0
5,151529251,C,T,R,Q,0
5,151529252,G,A,R,W,0
5,151542519,T,C,T,A,0
5,151543844,A,G,F,S,0
5,151544678,G,A,T,M,0
5,151544690,C,T,R,Q,0
5,151544978,C,T,R,Q,0
5,151545407,A,G,I,T,0
5,151549373,C,T,G,S,0
5,151550625,C,T,G,S,0
5,151550784,C,T,V,M,0
5,151563358,A,G,Y,H,0
5,151563408,G,A,P,L,0
5,151563500,G,T,N,K,0
5,151563603,A,G,F,S,0
5,151565904,G,A,R,C,0
5,151565922,C,T,G,S,0
5,151566875,A,G,F,S,0
5,151567052,T,C,N,S,0
5,151567212,G,A,R,C,0
5,151567829,C,T,R,K,0
5,151568330,C,G,G,A,0
5,151568663,C,T,G,D,0
5,151673150,C,T,E,K,0
5,151676134,G,A,P,S,0
5,151851566,G,A,R,W,1
5,156344582,C,T,R,X,1
5,156508697,C,T,R,X,1
5,157333408,A,G,I,V,0
5,157383274,G,T,R,L,0
5,157390564,A,G,I,V,0
5,157737954,T,C,L,P,0
5,161331058,T,A,Y,F,1
5,161850842,T,C,L,P,0
5,162093964,C,T,R,W,1
5,162153237,C,T,R,X,1
5,168488638,C,T,R,W,0
5,170108297,G,A,A,T,0
5,171870796,C,T,R,Q,1
5,171870806,C,T,E,K,1
5,171876350,C,T,A,T,1
5,177135194,C,G,P,A,0
5,177135434,A,G,I,V,0
5,177209717,C,T,R,X,1
5,177210162,A,G,D,G,0
5,177210210,G,A,R,Q,0
5,177210554,G,A,A,T,0
5,177210648,C,T,A,V,0
5,177210824,G,A,E,K,0
5,177211044,C,G,S,X,1
5,177211207,C,A,Y,X,1
5,177211260,A,C,K,T,0
5,177211845,A,C,N,T,0
5,177211997,C,T,R,W,0
5,177238396,C,G,L,V,0
5,177239820,C,A,D,E,0
5,177257134,A,G,N,S,0
5,177260149,G,A,W,X,1
5,177293982,A,G,H,R,1
5,177294413,C,T,P,S,0
5,177294735,T,C,M,T,0
5,177295220,G,A,V,I,0
5,177386076,G,A,V,I,0
5,177404867,C,A,E,X,1
5,177513442,T,A,K,X,1
5,177513478,G,A,R,X,1
5,177514941,G,A,P,L,1
5,177515781,G,A,R,X,1
5,177516318,G,A,Q,X,1
5,177995875,T,C,N,S,0
5,178988953,G,A,R,X,1
5,179823986,G,A,V,I,0
5,179836480,A,G,M,V,1
5,179836501,G,A,G,S,1
5,180603278,C,T,E,K,0
5,180616464,C,T,R,Q,1
5,180630263,G,C,L,V,0
5,180630710,C,T,R,Q,0
6,1611778,A,C,S,R,0
6,3154234,T,G,M,L,1
6,3154512,G,A,S,L,1
6,3224951,G,A,R,C,1
6,3225313,G,A,P,L,1
6,5368868,C,T,Q,X,1
6,6318643,C,T,A,T,0
6,7559251,C,T,R,X,1
6,7574710,T,A,L,X,1
6,7576300,G,A,W,X,1
6,7579725,C,T,Q,X,1
6,7579974,C,T,Q,X,1
6,7580979,G,T,E,X,1
6,7583035,C,T,Q,X,1
6,7583515,C,T,Q,X,1
6,7584479,C,G,S,X,1
6,10874407,G,A,T,M,1
6,12164127,G,A,R,Q,0
6,21595481,C,T,A,V,0
6,24503405,C,T,P,L,1
6,24504926,T,C,C,R,1
6,24504957,C,T,T,M,1
6,24515195,G,T,G,V,1
6,24515221,C,T,R,X,1
6,24528097,T,C,L,P,1
6,24533644,C,T,R,X,1
6,24533696,G,A,C,Y,1
6,24780664,A,C,N,T,0
6,24781491,G,C,L,F,0
6,24781507,C,T,R,W,0
6,24784135,A,G,K,R,0
6,24825254,G,A,A,V,0
6,24848037,G,C,D,E,0
6,26090975,C,T,R,X,1
6,26157000,G,A,A,T,0
6,26204742,C,T,P,L,1
6,30722634,A,G,N,S,1
6,30922758,T,C,I,T,0
6,30925304,C,T,R,C,0
6,31116036,T,C,N,D,0
6,31116389,C,A,G,V,0
6,31116393,A,C,S,A,0
6,31117010,A,G,F,S,0
6,31117040,G,A,P,L,0
6,31117449,G,A,L,F,0
6,31120368,T,A,M,L,0
6,31669109,C,T,Q,X,1
6,31669397,C,G,S,X,1
6,31669445,A,G,H,R,1
6,31669838,T,G,L,R,1
6,31859858,T,C,Y,C,1
6,31860042,G,A,R,X,1
6,31869199,G,A,P,S,0
6,31870664,T,C,M,V,0
6,31871532,C,T,V,I,0
6,31874821,T,A,D,V,0
6,31878964,C,A,R,L,0
6,31948454,A,C,E,D,0
6,31960118,C,T,R,X,1
6,31968877,C,T,R,X,1
6,32040529,C,T,R,C,1
6,32041812,C,T,A,T,0
6,32043862,T,C,Q,R,0
6,32044582,G,C,R,G,0
6,32044684,A,C,S,A,0
6,32045129,C,T,V,M,0
6,32829016,G,A,R,C,0
6,32842190,G,A,Q,X,1
6,32857313,G,A,R,H,0
6,33173902,G,A,R,X,1
6,33179078,G,A,R,X,1
6,33181155,G,A,R,X,1
6,33438189,T,A,Y,X,1
6,33438777,G,T,E,X,1
6,33443334,C,T,Q,X,1
6,33443922,G,A,G,R,0
6,33446677,C,T,Q,X,1
6,33788755,G,A,A,V,0
6,35245270,T,C,I,T,1
6,35317942,A,C,N,H,0
6,35455763,C,T,R,X,1
6,35506070,C,T,R,Q,1
6,35512183,C,A,G,X,1
6,35806065,G,A,W,X,1
6,38779994,G,A,G,R,0
6,38783112,A,G,I,V,0
6,38791603,G,A,A,T,0
6,38832388,G,A,E,K,0
6,38938111,G,A,A,T,0
6,38984222,C,T,T,M,0
6,41594873,G,A,A,T,1
6,42704501,G,C,S,X,1
6,42704568,C,T,V,I,1
6,42721800,A,C,W,G,1
6,42967478,C,A,E,X,1
6,42969985,C,T,W,X,1
6,42974928,G,T,Y,X,1
6,42978404,C,T,W,X,1
6,42978424,G,A,Q,X,1
6,42978836,C,T,W,X,1
6,43007294,G,T,W,C,1
6,43043093,C,T,R,Q,0
6,43519423,C,T,R,X,1
6,43551437,T,C,D,G,0
6,43567281,C,T,S,N,0
6,43597843,C,G,S,X,1
6,43629077,C,G,G,A,0
6,44149874,C,G,Q,E,1
6,44300553,C,G,Q,H,0
6,44302462,G,A,R,W,0
6,44307274,T,C,I,V,0
6,45432007,C,T,R,W,1
6,45512254,C,T,Q,X,1
6,45914317,C,T,E,K,0
6,45914391,G,A,T,I,0
6,49440319,G,T,P,T,1
6,49451503,T,G,E,A,1
6,49451522,C,T,G,R,1
6,49451639,T,G,T,P,1
6,49456129,A,G,S,P,1
6,49457693,T,A,K,X,1
6,49457863,G,A,P,L,1
6,49457899,A,C,M,R,1
6,51638887,G,C,S,X,1
6,51638952,G,T,C,X,1
6,51659811,C,A,D,Y,1
6,51748152,T,C,Y,C,1
6,51748308,C,T,G,D,1
6,51753288,G,A,R,X,1
6,51775844,G,C,R,G,1
6,51791324,A,T,Y,X,1
6,51830955,C,T,W,X,1
6,51830968,G,C,S,X,1
6,51847870,C,G,R,P,1
6,51847888,A,G,L,P,1
6,51868082,A,T,L,X,1
6,51883179,A,G,C,R,1
6,51885933,C,T,W,X,1
6,51912488,C,T,W,X,1
6,51934296,C,T,G,R,1
6,51959995,C,T,W,X,1
6,52024636,C,G,W,S,1
6,52024817,G,A,Q,X,1
6,52024972,C,T,C,Y,1
6,52027880,G,A,Q,X,1
6,52043102,C,A,G,X,1
6,52043676,G,A,Q,X,1
6,52048555,G,A,Q,X,1
6,52053224,C,T,W,X,1
6,52058563,C,T,W,X,1
6,52072170,G,A,Q,X,1
6,53013856,C,T,V,I,0
6,56463051,C,T,A,T,0
6,56473882,G,A,R,X,1
6,56487174,G,C,L,V,0
6,56508738,C,T,D,N,0
6,56536896,T,G,Q,H,0
6,56555360,C,T,V,I,0
6,56555477,T,G,K,Q,0
6,56555740,C,T,R,H,0
6,56560294,C,T,D,N,0
6,56572223,A,G,V,A,0
6,56610467,T,G,Q,P,0
6,56639557,G,A,R,C,0
6,57210236,G,A,R,X,1
6,63721012,C,A,D,Y,1
6,63721425,G,C,S,X,1
6,63721490,A,T,C,X,1
6,63726654,T,A,R,X,1
6,63778062,G,T,C,X,1
6,63806305,A,T,Y,X,1
6,63999110,G,A,Q,X,1
6,64230601,A,G,C,R,1
6,64230703,G,A,Q,X,1
6,64230746,C,T,W,X,1
6,64439263,G,A,Q,X,1
6,64590356,C,T,W,X,1
6,64590584,A,T,Y,X,1
6,64591107,C,T,W,X,1
6,64591212,A,C,L,X,1
6,64591416,C,T,W,X,1
6,64591981,G,A,Q,X,1
6,64593120,G,A,Q,X,1
6,64617529,C,T,W,X,1
6,64626199,C,A,E,X,1
6,64822709,C,A,G,X,1
6,64945866,G,A,Q,X,1
6,65344116,G,T,C,X,1
6,65353561,G,C,Y,X,1
6,65384492,G,C,S,X,1
6,65494727,G,T,C,X,1
6,65494804,G,A,Q,X,1
6,65495069,A,T,C,X,1
6,65495122,G,A,Q,X,1
6,65495237,C,T,W,X,1
6,70294189,T,A,D,V,0
6,70302911,C,T,W,X,1
6,73194510,G,A,R,Q,0
6,73194903,C,T,P,L,0
6,73195043,A,G,M,V,0
6,73195336,G,T,R,S,0
6,73635463,C,T,W,X,1
6,75130858,G,A,R,X,1
6,75922106,C,T,D,N,0
6,75931064,C,T,R,H,0
6,75950834,G,C,H,D,0
6,78965984,A,G,L,P,0
6,78969847,G,A,R,X,1
6,78983034,G,A,T,I,0
6,78998283,A,C,V,G,0
6,79016593,G,A,R,X,1
6,79487720,C,A,E,X,1
6,79513280,G,A,R,X,1
6,80106718,G,A,G,S,0
6,80171289,T,A,I,K,1
6,80273174,G,A,A,T,1
6,80273220,A,G,Q,R,1
6,85547511,T,G,S,R,0
6,85574267,G,C,Y,X,1
6,87257231,C,T,T,I,0
6,87257957,A,G,N,S,0
6,87258287,C,T,T,M,0
6,87258407,G,C,G,A,0
6,87259603,T,C,S,P,0
6,87259931,C,T,S,F,0
6,87518655,G,A,Q,X,1
6,87518726,A,C,L,X,1
6,87521502,G,A,R,X,1
6,87529591,G,A,Q,X,1
6,87530839,G,C,S,X,1
6,87530933,G,A,Q,X,1
6,87589949,G,T,C,X,1
6,87589955,C,T,M,I,1
6,89932516,C,G,E,D,0
6,89950671,C,T,A,T,0
6,89950862,C,T,G,E,0
6,98926503,A,T,Y,X,1
6,99613345,C,T,A,V,0
6,99613521,A,C,K,Q,0
6,99613629,G,A,G,R,0
6,105115802,A,G,L,P,0
6,106640356,C,T,A,V,0
6,106652521,A,G,N,S,0
6,106662980,A,C,E,D,0
6,107881220,G,A,R,X,1
6,107908945,G,A,R,X,1
6,109382248,G,A,S,L,0
6,109446297,C,T,R,H,0
6,109446728,C,T,A,T,0
6,109453757,C,T,R,H,0
6,109732644,C,T,R,X,1
6,109735183,T,G,Y,X,1
6,109735244,C,T,Q,X,1
6,116120127,G,T,Y,X,1
6,116120327,A,G,Y,H,1
6,116121905,G,A,R,X,1
6,118632512,C,T,S,N,1
6,121299462,G,T,T,K,0
6,121446960,G,A,G,E,1
6,121446989,G,A,E,K,1
6,123516150,C,A,E,X,1
6,123636774,A,G,M,T,1
6,129050055,C,T,R,X,1
6,129165602,C,A,C,X,1
6,129192820,C,G,Y,X,1
6,129250181,G,T,E,X,1
6,129270684,G,T,E,X,1
6,129312918,C,T,Q,X,1
6,129316045,G,A,W,X,1
6,129402363,G,T,E,X,1
6,129453024,C,T,R,X,1
6,131573305,T,A,I,K,1
6,131576729,G,T,E,X,1
6,131581279,G,A,W,X,1
6,131581341,A,G,Q,R,1
6,131858701,C,T,P,L,1
6,131882358,C,T,T,M,0
6,131884963,C,T,R,X,1
6,135323255,G,A,R,X,1
6,135411388,G,A,T,M,0
6,135431220,C,T,W,X,1
6,135455808,T,C,I,V,0
6,136845651,C,T,Q,X,1
6,136846143,G,A,W,X,1
6,137875748,C,T,R,X,1
6,137877220,G,A,W,X,1
6,138912947,G,A,P,S,0
6,142753232,G,A,H,Y,0
6,142753547,A,G,S,P,0
6,142760442,T,C,N,S,0
6,142769932,G,A,R,W,0
6,142770084,G,A,P,L,0
6,142770085,G,A,P,S,0
6,142770103,C,T,G,S,0
6,142770126,A,G,L,P,0
6,142770862,G,A,L,F,0
6,142771014,T,C,Y,C,0
6,142771017,C,G,S,T,0
6,142771320,G,A,A,V,0
6,142772185,G,A,P,S,0
6,142772497,C,T,E,K,0
6,142772613,G,A,T,M,0
6,142772707,C,T,V,M,0
6,142772815,G,A,R,W,0
6,142773156,G,A,P,L,0
6,142773303,A,G,I,T,0
6,142773704,A,C,I,M,0
6,142774360,G,T,P,T,0
6,142774495,T,G,K,Q,0
6,144186710,C,A,S,X,1
6,146399224,C,A,P,T,0
6,146399690,G,A,G,E,0
6,146433996,G,A,V,I,0
6,148544121,A,G,Q,R,0
6,149378879,C,T,R,X,1
6,149379269,C,T,R,X,1
6,151405264,T,G,M,L,0
6,152220922,G,A,R,X,1
6,152224553,G,A,R,X,1
6,152254927,G,A,R,X,1
6,152310702,G,A,Q,X,1
6,152321363,G,A,R,X,1
6,152330395,G,A,R,X,1
6,152359344,G,A,R,X,1
6,152385708,G,C,S,X,1
6,152425411,C,T,W,X,1
6,152430610,G,A,R,X,1
6,152430637,G,A,Q,X,1
6,152505273,G,A,R,X,1
6,156778075,C,T,S,F,0
6,156778827,G,A,G,S,0
6,156778906,G,C,G,A,0
6,156778954,C,T,A,V,0
6,156779116,G,C,G,A,0
6,156779240,C,G,Y,X,1
6,156779419,G,A,S,N,0
6,156779451,C,T,P,S,0
6,156829236,A,G,M,V,0
6,156829245,A,G,M,V,0
6,156829363,T,C,I,T,0
6,156901461,C,T,P,L,0
6,157133054,C,G,P,A,0
6,157133177,G,A,G,S,0
6,157148677,G,A,G,S,0
6,157167078,T,C,M,T,0
6,157167157,G,A,M,I,0
6,157167164,G,A,A,T,0
6,157181146,G,A,V,I,0
6,157189677,C,T,Q,X,1
6,157196192,C,T,T,M,0
6,157196303,G,A,S,N,0
6,157200838,A,G,D,G,0
6,157200946,C,T,P,L,0
6,157201056,C,T,P,S,0
6,157201272,C,T,Q,X,1
6,157206398,G,A,E,K,0
6,157206413,G,A,D,N,0
6,157206675,G,A,R,H,0
6,157206786,C,G,S,C,0
6,157206936,G,A,C,Y,0
6,157207182,G,A,W,X,1
6,157207776,G,A,R,H,0
6,158064650,T,C,V,A,0
6,158111398,G,A,R,C,0
6,158977668,C,T,G,D,0
6,158978316,A,G,M,T,0
6,158986414,C,T,R,Q,0
6,158993867,T,C,N,S,0
6,160718766,G,A,V,M,0
6,162443408,G,A,Q,X,1
6,166165782,C,T,G,D,0
6,170283073,G,A,S,L,0
6,170283423,G,A,A,V,0
6,170283450,G,A,T,M,0
6,170283763,C,T,E,K,0
6,170285295,C,T,E,K,0
7,255911,G,A,G,R,1
7,259964,C,T,A,V,0
7,259973,C,T,A,V,0
7,550573,G,A,R,W,1
7,763909,C,T,S,L,0
7,780087,C,T,R,X,1
7,842031,C,T,H,Y,0
7,857859,G,A,E,K,0
7,2538547,C,T,G,D,0
7,2538604,C,T,R,Q,0
7,2543833,G,C,P,R,0
7,5528496,C,A,R,L,1
7,5529366,T,C,Y,C,1
7,5529540,G,A,H,Y,1
7,5977589,G,T,S,X,1
7,5977692,G,A,Q,X,1
7,5978692,G,A,Q,X,1
7,5982969,C,A,E,X,1
7,5986793,G,A,Q,X,1
7,5986870,A,C,L,X,1
7,5987090,C,A,G,X,1
7,5987177,G,A,Q,X,1
7,5987208,A,C,Y,X,1
7,5987213,C,A,E,X,1
7,5987561,G,A,Q,X,1
7,5987614,A,T,L,X,1
7,5989800,C,G,G,R,1
7,5989951,G,T,C,X,1
7,5995616,G,C,S,X,1
7,5997364,G,C,Y,X,1
7,5999240,G,T,Y,X,1
7,5999275,C,A,E,X,1
7,6003718,C,A,E,X,1
7,6003990,C,A,E,X,1
7,6004008,C,A,G,X,1
7,6009016,C,A,E,X,1
7,6009017,C,A,M,I,1
7,6392028,C,T,S,F,1
7,6392034,C,T,P,L,1
7,12229791,C,G,T,S,0
7,16376226,G,A,R,X,1
7,17339486,G,A,R,K,0
7,19116964,G,C,R,G,1
7,21561113,A,G,T,A,0
7,21564206,G,A,V,M,0
7,21591567,A,G,N,S,0
7,21600042,G,T,E,X,1
7,21619215,C,T,T,I,0
7,21658950,G,A,W,X,1
7,21704566,C,T,Q,X,1
7,21717876,G,C,R,T,0
7,21852612,T,C,V,A,0
7,21894773,A,G,I,V,0
7,22964436,A,C,L,X,1
7,27199582,G,T,P,T,0
7,30019045,G,C,S,X,1
7,30612229,G,A,G,R,1
7,30972025,C,T,A,V,1
7,33273906,G,A,W,X,1
7,33336446,T,A,L,X,1
7,33336544,C,T,R,X,1
7,33351260,A,T,K,X,1
7,33357863,C,T,R,X,1
7,33367862,C,T,Q,X,1
7,35202768,A,T,S,T,0
7,35250144,C,T,A,T,0
7,36396347,A,G,M,V,0
7,36399100,C,G,S,W,0
7,36399340,G,A,R,H,0
7,36406291,G,A,G,S,0
7,36452550,A,G,I,V,0
7,37863448,C,T,P,L,0
7,37884398,G,T,E,X,0
7,37907501,C,T,R,K,0
7,37907562,G,T,P,T,0
7,39686671,G,A,A,T,0
7,39950888,C,T,P,S,0
7,39951095,C,T,Q,X,1
7,39951473,G,A,A,T,0
7,39987799,C,T,A,V,0
7,39987885,A,G,T,A,0
7,39997602,T,A,D,E,0
7,39999386,A,G,T,A,0
7,40062836,A,G,T,A,1
7,40093079,C,T,A,V,0
7,40094562,T,C,I,T,0
7,41966338,C,T,S,N,0
7,41972441,G,A,R,X,1
7,44104685,C,A,A,E,0
7,44107886,C,A,P,T,0
7,44112667,C,T,A,V,0
7,44114181,A,G,K,E,0
7,44114226,G,A,V,I,0
7,44145136,T,C,X,W,1
7,44145138,A,G,X,R,1
7,44145212,G,C,S,W,1
7,44145212,G,T,S,X,1
7,44145216,C,A,E,X,1
7,44145232,G,T,C,X,1
7,44145264,G,A,H,Y,1
7,44145273,C,A,E,X,1
7,44145278,A,G,F,S,1
7,44145510,T,A,K,X,1
7,44145560,C,T,R,H,1
7,44145561,G,C,R,G,1
7,44145575,C,G,R,P,1
7,44145576,G,T,R,S,1
7,44145587,C,T,G,D,1
7,44145605,C,T,C,Y,1
7,44145606,A,C,C,G,1
7,44145608,A,G,M,T,1
7,44145611,T,G,H,P,1
7,44145617,G,T,A,D,1
7,44145618,C,G,A,P,1
7,44145621,G,T,R,S,1
7,44145629,A,T,V,E,1
7,44145638,C,T,C,Y,1
7,44145639,A,G,C,R,1
7,44145678,G,A,R,X,1
7,44146500,C,A,G,X,1
7,44146506,T,G,T,P,1
7,44146584,C,G,E,Q,1
7,44146584,C,T,E,K,1
7,44146598,C,A,G,V,1
7,44146598,C,T,G,D,1
7,44146615,A,T,Y,X,1
7,44147689,C,G,R,P,1
7,44147690,G,C,R,G,1
7,44147731,C,T,G,E,1
7,44147738,C,A,A,S,1
7,44147742,C,T,W,X,1
7,44147747,C,A,E,X,1
7,44147777,C,T,G,R,1
7,44147824,C,T,C,Y,1
7,44149779,G,T,C,X,1
7,44149811,T,C,M,V,1
7,44149822,G,A,T,M,1
7,44149981,G,C,I,M,1
7,44150045,G,A,T,I,1
7,44150046,T,C,T,A,1
7,44150046,T,G,T,P,1
7,44150964,T,C,I,V,1
7,44150974,C,A,R,S,1
7,44151002,A,C,L,R,1
7,44151002,A,G,L,P,1
7,44151053,C,T,C,Y,1
7,44152284,C,A,G,V,1
7,44152285,C,G,G,R,1
7,44152348,C,A,E,X,1
7,44153301,C,T,E,K,1
7,44153399,A,C,M,R,1
7,44153400,T,C,M,V,1
7,44229451,G,A,P,S,0
7,44234454,G,A,T,M,0
7,45574791,C,T,A,V,0
7,45678052,C,T,R,W,0
7,47800789,C,T,A,T,0
7,47811980,G,A,S,F,0
7,47812025,C,T,R,Q,0
7,47813239,C,T,E,K,0
7,47835032,G,A,P,L,0
7,47839451,G,A,R,W,0
7,47873962,G,T,P,Q,0
7,47873981,T,C,K,E,0
7,47877551,G,A,Q,X,1
7,47885733,C,G,R,P,0
7,47888146,C,T,V,I,0
7,47929330,C,A,V,F,0
7,50376619,C,T,R,X,1
7,50382648,T,C,L,P,1
7,50463239,T,C,R,G,0
7,50463335,G,A,R,C,1
7,50544037,T,C,M,V,0
7,55154107,G,A,E,K,0
7,55198792,T,A,I,N,0
7,56106374,G,A,P,S,0
7,65974625,C,T,R,H,1
7,66082887,T,A,I,N,1
7,66082919,C,T,R,W,1
7,66086775,C,T,R,W,1
7,66089282,G,A,G,R,1
7,66089331,T,G,L,X,1
7,66092071,C,A,Y,X,1
7,66092606,C,A,A,D,1
7,66092857,G,A,S,N,1
7,66639189,A,G,Y,C,1
7,66988471,C,T,R,Q,1
7,70763034,G,T,A,S,0
7,70763067,C,T,Q,X,1
7,70763074,G,A,R,Q,0
7,70763145,C,T,Q,X,1
7,70771588,C,T,P,S,0
7,70774035,A,G,N,S,0
7,70781678,C,T,P,S,0
7,70789918,G,A,R,H,0
7,70790650,G,A,R,Q,0
7,74056322,C,T,A,V,0
7,75986163,A,G,Y,C,1
7,75986168,C,T,Q,X,1
7,75986189,C,T,R,X,1
7,76064390,C,G,R,G,0
7,76066295,A,G,K,R,0
7,76330151,C,T,R,H,1
7,80188966,G,A,G,D,1
7,80672788,C,T,Q,X,1
7,82443403,G,C,I,M,0
7,82824392,A,C,S,A,0
7,82916654,C,T,A,T,0
7,82951938,A,C,F,L,0
7,82952291,C,T,V,I,0
7,82953530,C,T,V,I,0
7,82954293,A,C,F,L,0
7,82956358,C,T,S,N,0
7,83135109,C,G,S,T,0
7,83135338,G,T,P,T,0
7,83155140,A,G,S,P,0
7,83155251,T,C,T,A,0
7,83155781,T,C,D,G,0
7,83386986,C,T,V,I,0
7,87408059,T,G,Y,S,1
7,92117086,G,A,P,S,0
7,92221904,G,A,Q,X,1
7,92222900,G,A,Q,X,1
7,92489900,A,T,C,X,1
7,92493123,G,A,R,C,1
7,92501647,G,A,Q,X,1
7,92511652,G,A,Q,X,1
7,92513865,G,A,Q,X,1
7,92517560,G,A,Q,X,1
7,92517638,G,A,Q,X,1
7,92522170,G,A,Q,X,1
7,93103627,C,T,R,Q,1
7,93104453,C,A,V,L,0
7,93104662,G,A,T,M,0
7,93104738,C,T,A,T,0
7,93104752,T,C,N,S,0
7,93105670,A,G,I,T,0
7,93105782,G,A,R,C,0
7,93131425,T,G,N,T,0
7,93132562,C,G,G,A,0
7,93134407,G,A,A,V,0
7,93134600,C,A,A,S,0
7,93135106,A,G,F,S,0
7,93135176,C,T,V,I,0
7,93135604,G,A,P,L,0
7,94407884,G,A,G,D,1
7,94409323,G,T,G,V,1
7,94409359,G,C,G,A,1
7,94409367,G,T,G,C,1
7,94409386,G,C,G,A,1
7,94410898,G,C,G,R,1
7,94413120,G,C,G,A,1
7,94413128,G,A,G,S,1
7,94416414,G,A,G,S,1
7,94416433,G,C,G,A,1
7,94416478,G,A,G,E,1
7,94417733,G,T,G,C,1
7,94417752,G,A,G,D,1
7,94420559,G,T,G,C,1
7,94420578,G,A,G,E,1
7,94420641,G,A,G,D,1
7,94421037,G,A,G,E,1
7,94425144,G,A,G,S,1
7,94425144,G,T,G,C,1
7,94425181,G,A,G,D,1
7,94425198,G,A,G,S,1
7,94425778,G,A,G,D,1
7,94426495,G,A,G,R,1
7,94427714,G,A,A,T,1
7,94428349,T,C,C,R,1
7,94603364,C,A,E,X,1
7,96121727,G,T,S,X,1
7,96184281,A,C,Y,X,1
7,96184379,G,A,Q,X,1
7,96184391,G,C,R,G,1
7,96184955,G,T,Y,X,1
7,96184975,G,A,Q,X,1
7,96191109,C,T,E,K,1
7,96234901,C,A,E,X,1
7,96277281,G,A,R,X,1
7,97020904,G,T,S,R,0
7,97854607,C,T,R,H,1
7,97868933,T,C,N,S,1
7,98912122,A,G,N,S,0
7,98927190,A,G,N,S,0
7,98927295,G,A,R,Q,1
7,98930124,A,G,E,G,1
7,98935602,A,C,E,D,0
7,98956442,A,G,N,S,0
7,98967517,C,T,A,V,0
7,98970124,G,A,V,M,0
7,98971845,C,T,T,M,0
7,98976168,C,G,A,G,0
7,100098235,C,G,G,A,1
7,100180604,G,T,L,F,0
7,100180662,A,C,T,P,0
7,100626861,C,A,D,Y,1
7,100632186,G,A,Q,X,1
7,100633294,C,A,G,X,1
7,100641204,G,A,Q,X,1
7,100677365,G,A,A,T,1
7,100803588,T,C,D,G,0
7,100805502,C,T,G,R,0
7,100806550,C,T,R,Q,1
7,100807412,G,A,R,X,1
7,100807484,G,A,R,X,1
7,100814001,G,A,Q,X,1
7,100819596,C,T,V,I,0
7,100819761,G,A,R,X,1
7,100820209,G,C,S,X,1
7,100822274,G,A,R,X,1
7,100822397,C,T,V,I,0
7,100822456,G,A,P,L,0
7,100823718,C,T,V,I,0
7,101207627,G,A,T,M,0
7,101211595,G,A,R,X,1
7,101212909,T,C,N,S,0
7,103297467,C,T,A,V,0
7,103298572,T,C,L,S,0
7,103309037,G,A,C,Y,0
7,103311676,G,T,E,D,0
7,103483774,C,T,A,T,0
7,105076964,G,A,G,D,0
7,105077041,C,T,R,X,1
7,105106647,C,T,P,S,0
7,105107645,T,C,M,T,0
7,105109057,A,G,N,S,0
7,105109168,G,A,S,N,0
7,105110773,C,T,P,S,0
7,105111976,A,G,N,S,0
7,105506002,C,T,E,K,0
7,107230661,G,A,R,X,1
7,107236473,G,A,R,X,1
7,107412558,G,A,R,X,1
7,107661643,T,G,M,R,1
7,107663301,C,A,S,X,1
7,107663334,T,C,L,P,1
7,107663415,G,A,G,E,1
7,107663435,G,A,G,R,1
7,107672150,C,A,A,D,1
7,107672167,C,T,P,S,1
7,107674164,G,T,G,V,1
7,107675047,C,T,Q,X,1
7,107675098,T,C,S,P,1
7,107689054,T,G,F,V,1
7,107694410,G,A,G,D,1
7,107694622,C,A,S,X,1
7,107698071,C,T,P,L,1
7,107702014,C,T,A,V,1
7,107710077,C,T,Q,X,1
7,107917284,T,C,I,T,1
7,107963033,G,A,Q,X,1
7,107975689,G,A,R,X,1
7,113878447,A,T,L,H,0
7,113879664,A,T,N,K,0
7,113879741,C,T,V,M,0
7,114658231,C,T,R,X,1
7,114662107,C,T,R,X,1
7,116559187,G,C,R,P,0
7,117530932,G,T,G,X,1
7,117535248,G,A,G,R,1
7,117535248,G,T,G,X,1
7,117536573,G,T,E,X,1
7,117540298,G,A,W,X,1
7,117542031,C,T,Q,X,1
7,117559510,G,A,G,D,1
7,117587809,A,C,Q,P,1
7,117592508,C,T,Q,X,1
7,117611700,G,C,A,P,1
7,117614627,A,T,R,X,1
7,117614675,C,T,Q,X,1
7,117642463,C,G,S,X,1
7,117652898,G,A,W,X,1
7,120275101,G,A,A,T,0
7,120732995,C,T,P,L,1
7,124827285,G,A,Q,X,1
7,124829276,C,T,W,X,1
7,127615429,C,A,R,L,0
7,128835528,G,A,W,X,1
7,128838288,C,T,Q,X,1
7,128842903,C,A,Y,X,1
7,128850028,G,A,R,H,0
7,128850907,C,T,Q,X,1
7,128854592,C,T,Q,X,1
7,130400156,G,A,R,X,1
7,131508980,C,T,V,I,0
7,131509496,G,C,P,A,0
7,131510953,G,A,S,L,0
7,131511200,C,T,G,S,0
7,135584907,T,C,M,T,0
7,135619525,G,C,E,Q,0
7,138088655,C,T,R,X,1
7,138107522,G,A,R,Q,1
7,138771232,G,A,R,X,1
7,138916826,C,T,D,N,0
7,138916960,C,A,G,V,0
7,138917080,G,A,S,L,0
7,138917671,G,A,P,L,0
7,138917686,G,C,S,C,0
7,138917701,G,A,S,L,0
7,138917777,T,C,R,G,0
7,138918425,C,T,G,S,0
7,138918536,T,C,T,A,0
7,140015766,C,T,R,C,0
7,140777015,A,G,W,R,1
7,140801449,C,T,E,K,1
7,142750563,C,T,P,S,0
7,142751865,C,A,Q,K,0
7,142870317,G,A,R,Q,0
7,143323338,T,A,C,X,1
7,143324468,T,C,C,R,1
7,143339301,T,C,F,L,1
7,143342461,T,C,L,P,1
7,143350402,C,T,Q,X,1
7,147903567,G,T,G,X,1
7,148147582,G,A,W,X,1
7,148229681,C,T,R,X,1
7,150947458,G,A,Q,X,1
7,150958158,G,A,R,X,1
7,150958446,C,A,E,X,1
7,150959582,C,T,W,X,1
7,150974786,C,T,A,T,1
7,151176159,G,A,R,C,0
7,151176577,G,T,P,T,0
7,151180968,C,T,V,I,0
7,152139725,T,C,I,V,0
7,152146699,A,C,V,G,0
7,152148104,C,T,R,H,0
7,152149110,G,A,P,S,0
7,152151542,T,C,E,G,0
7,152151551,C,T,G,D,0
7,152152798,G,A,R,C,0
7,152154047,A,G,I,T,0
7,152162146,C,T,V,I,0
7,152162901,G,A,A,V,0
7,152163514,T,C,I,V,0
7,152163537,T,C,N,S,0
7,152176566,G,A,R,C,0
7,152177628,G,A,R,X,1
7,152177981,G,A,T,I,0
7,152180731,C,G,D,H,0
7,152181253,A,G,Y,H,0
7,152181477,T,G,Q,P,0
7,152182177,T,C,M,V,0
7,152182404,A,G,M,T,0
7,152187468,T,C,N,S,0
7,152235884,A,G,L,P,0
7,152263092,G,A,T,M,0
7,157005533,G,A,P,L,0
7,157367408,T,C,F,L,1
8,1929314,T,G,S,A,0
8,6439029,G,T,R,S,0
8,6444393,A,G,D,G,0
8,6621460,C,T,R,X,1
8,11556744,G,A,V,M,0
8,11750175,G,A,R,H,1
8,11852665,T,C,S,G,0
8,13499112,T,G,Q,H,0
8,13499293,G,A,T,I,0
8,13499309,T,C,N,D,0
8,13499905,T,C,E,G,0
8,15623161,C,T,R,X,1
8,18071330,C,T,W,X,1
8,19405817,C,G,R,P,0
8,19405940,C,T,R,H,0
8,19405961,A,T,F,Y,0
8,19505257,C,T,S,N,0
8,19505426,C,T,V,I,0
8,19505438,C,T,V,M,0
8,19948333,G,A,G,D,1
8,19951811,G,A,A,T,1
8,19954125,G,A,D,N,1
8,19954167,C,T,R,C,1
8,19955870,G,A,E,K,1
8,19955883,A,G,H,R,1
8,19956056,A,G,K,E,1
8,19961011,G,A,W,X,1
8,20250090,G,C,L,V,0
8,20254959,G,A,R,W,0
8,22128819,G,A,R,C,0
8,22404808,T,C,L,P,0
8,23006069,A,G,I,V,0
8,23006961,C,T,P,L,0
8,23006979,T,C,V,A,0
8,23007014,G,A,A,T,0
8,23007068,C,T,R,W,0
8,23007075,G,A,R,H,0
8,23007171,C,T,S,L,0
8,23007219,A,G,Q,R,0
8,23010557,G,A,S,N,0
8,23010619,G,A,D,N,0
8,23017414,C,T,P,L,0
8,24956099,G,C,Y,X,1
8,27799697,C,T,R,X,1
8,30845223,G,C,D,E,0
8,31081200,T,A,C,X,1
8,31090839,G,T,G,X,1
8,31120342,C,T,Q,X,1
8,31132423,C,T,Q,X,1
8,37775924,T,G,L,V,0
8,38144316,C,T,R,H,1
8,38245749,C,T,Q,X,1
8,38413977,G,A,P,S,1
8,38414626,G,A,R,X,1
8,38414891,C,T,R,Q,1
8,38419639,G,A,S,L,0
8,38428400,C,T,D,N,0
8,41672406,G,A,R,X,1
8,41684616,G,A,Q,X,1
8,41684667,G,A,Q,X,1
8,41690274,G,A,Q,X,1
8,41690331,G,A,R,X,1
8,41694594,G,A,Q,X,1
8,41694762,G,A,R,X,1
8,41696520,G,A,R,X,1
8,41723178,G,A,R,X,1
8,41723193,G,A,R,X,1
8,41727267,G,A,Q,X,1
8,41932216,T,C,M,V,0
8,41932429,T,C,M,V,0
8,41932623,G,C,S,C,0
8,41932726,T,C,M,V,0
8,41932825,G,C,P,A,0
8,41932996,C,T,G,S,0
8,41933118,G,A,P,L,0
8,41933184,G,A,P,L,0
8,41933238,G,A,P,L,0
8,41933305,C,T,V,M,0
8,41933425,T,A,T,S,0
8,41933497,C,T,G,S,0
8,41933764,C,T,V,I,0
8,41933826,T,C,D,G,0
8,41933923,G,A,Q,X,1
8,41934070,C,T,V,M,0
8,41934387,C,T,R,H,0
8,41934418,G,A,P,S,0
8,41934456,G,C,A,G,0
8,41934621,C,T,R,H,0
8,41934780,T,A,K,I,0
8,41934828,C,T,R,H,0
8,41937337,G,T,Q,K,0
8,41937352,G,A,R,C,0
8,41937406,C,T,D,N,0
8,41940888,C,T,R,Q,0
8,41940895,T,C,S,G,0
8,41940963,T,C,Y,C,0
8,41941063,G,T,L,I,0
8,41941078,G,A,L,F,0
8,41941091,G,C,D,E,0
8,41941254,T,G,Q,P,0
8,41941348,G,A,R,C,0
8,41941395,A,G,V,A,0
8,41974724,T,C,I,V,0
8,41974741,A,T,M,K,0
8,41974781,G,A,R,X,1
8,41977238,G,C,S,X,1
8,41977257,T,C,S,G,0
8,41977306,T,A,K,N,0
8,41978675,C,T,R,H,0
8,42048425,G,C,L,V,0
8,42048514,A,G,I,T,0
8,42048642,C,G,E,D,0
8,42048664,C,T,R,Q,0
8,42329211,C,G,F,L,0
8,42839368,G,A,R,X,1
8,43122731,C,T,R,X,1
8,43192376,C,A,Y,X,1
8,47897176,C,T,V,I,0
8,54459217,T,C,L,P,0
8,54621498,C,T,Q,X,1
8,54625008,C,T,R,X,1
8,60741727,G,A,A,T,0
8,60741947,C,T,P,L,0
8,60742262,C,T,P,L,0
8,60742316,G,A,R,Q,0
8,60742527,G,C,Q,H,0
8,60742537,C,G,P,A,0
8,60742994,C,T,P,L,0
8,60795012,G,A,S,N,0
8,60820068,G,A,R,H,0
8,60848577,A,G,D,G,1
8,60853208,T,A,H,Q,0
8,60856765,G,T,R,S,0
8,60865317,C,G,A,G,0
8,60865562,G,C,G,R,0
8,61548140,G,T,Y,X,1
8,63085849,G,T,A,D,1
8,63086003,G,A,Q,X,1
8,64604834,G,A,R,X,1
8,67200461,G,A,R,X,1
8,69755558,C,T,R,Q,0
8,71299640,G,A,Q,X,1
8,76983865,C,T,W,X,1
8,76983893,G,A,Q,X,1
8,76984022,C,A,E,X,1
8,85477219,C,A,L,M,0
8,89943285,C,A,E,X,1
8,89947842,C,T,W,X,1
8,89947843,C,T,W,X,1
8,89947849,G,T,S,X,1
8,89953252,T,A,K,X,1
8,89953672,G,A,Q,X,1
8,89955393,A,T,Y,X,1
8,89955490,G,T,S,X,1
8,89955512,C,A,E,X,1
8,89955533,C,A,E,X,1
8,89958743,G,C,S,X,1
8,89958821,G,C,S,X,1
8,89964438,G,T,Y,X,1
8,89970491,C,A,E,X,1
8,89978224,C,A,E,X,1
8,89981397,C,A,G,X,1
8,89981417,G,T,S,X,1
8,89981478,T,A,K,X,1
8,89982845,G,C,Y,X,1
8,91080671,G,T,E,X,1
8,93786321,C,T,R,X,1
8,93795972,T,A,C,X,1
8,93797345,C,T,R,X,1
8,96304147,T,C,V,A,0
8,98140860,A,C,K,N,0
8,99156725,T,G,Y,X,1
8,99784454,G,A,W,X,1
8,99854050,T,A,L,X,1
8,100233511,C,T,R,X,1
8,100240566,C,T,A,V,0
8,102651586,G,A,S,F,0
8,103404817,C,T,R,H,0
8,104466668,G,A,Q,X,1
8,105803045,A,C,K,T,0
8,105803159,C,T,A,V,0
8,107958139,A,G,L,P,0
8,115587044,G,A,S,L,0
8,115587507,G,A,Q,X,1
8,115619329,G,A,R,X,1
8,115619707,C,A,A,S,0
8,115619881,G,A,H,Y,0
8,116850674,G,C,L,V,0
8,117822577,G,T,F,L,0
8,117830289,G,A,Q,X,1
8,117835517,C,T,W,X,1
8,117837137,C,T,G,R,1
8,118110410,G,A,Q,X,1
8,119791397,C,G,S,T,0
8,119793381,C,T,G,E,0
8,119832542,G,A,P,L,0
8,132871548,C,T,R,X,1
8,133284296,G,A,Q,X,1
8,140451085,C,A,E,X,1
8,140535487,C,T,C,Y,1
8,140539349,G,A,R,W,1
8,140556243,G,A,T,M,1
8,140560427,C,A,G,V,1
8,142875013,G,A,R,C,1
8,142876249,C,T,V,M,1
8,142876682,C,G,G,R,1
8,142876682,C,T,G,S,1
8,142876688,G,A,Q,X,1
8,142877169,G,T,S,X,1
8,142877197,G,A,R,X,1
8,142879785,C,T,C,Y,0
8,142912652,G,A,Q,X,1
8,142914296,A,G,S,P,1
8,142914716,A,T,I,N,1
8,142914822,C,A,E,X,1
8,142915220,G,A,R,X,1
8,142917150,G,A,Q,X,1
8,143215286,C,G,T,R,1
8,143215394,C,T,S,F,0
8,143316087,C,G,R,P,0
8,143324535,C,T,V,I,0
8,143818051,G,A,Q,X,1
8,143921672,G,A,Q,X,1
8,143925461,G,A,R,X,1
8,144051372,T,A,E,V,0
8,144052985,G,A,Q,X,1
8,144083448,C,T,T,M,0
8,144084160,C,T,R,X,1
8,144085134,C,G,S,X,1
8,144095929,A,G,M,V,0
8,144360465,T,G,C,G,1
8,144429328,C,T,V,I,0
8,144433633,T,C,S,G,0
8,144435810,G,A,R,X,1
8,144436292,G,A,A,V,0
8,144438685,G,A,Q,X,1
8,144440024,C,T,G,S,0
8,144442726,G,A,Q,X,1
8,144511964,G,A,Q,X,1
8,144516030,G,T,Y,X,1
8,144516041,G,A,Q,X,1
8,144517130,A,G,S,P,0
9,339081,C,T,R,X,1
9,396893,G,A,V,I,0
9,710818,A,G,I,V,0
9,710966,G,A,R,Q,0
9,711396,C,G,H,Q,0
9,711623,T,A,V,E,0
9,711869,G,A,R,Q,0
9,711962,G,A,R,Q,0
9,712060,G,C,E,Q,0
9,712156,T,G,S,A,0
9,712766,G,A,R,H,0
9,713381,C,G,S,C,0
9,730054,A,G,N,S,0
9,732536,T,C,I,T,0
9,841971,T,A,S,T,0
9,2029140,G,A,V,I,0
9,2029209,A,T,T,S,0
9,2039826,C,T,P,L,0
9,2086866,G,A,R,Q,1
9,2104068,C,T,A,V,0
9,2115844,C,G,A,G,1
9,2115967,C,A,A,E,1
9,2192709,G,T,Q,H,0
9,2192730,T,A,D,E,0
9,5922080,C,G,V,L,0
9,6536224,G,A,P,L,1
9,6550856,T,C,Y,C,1
9,6550890,G,A,Q,X,1
9,6556180,G,C,Y,X,1
9,6620204,G,C,N,K,1
9,6620229,G,T,S,X,1
9,12694347,G,A,W,X,1
9,12698463,G,T,E,X,1
9,12698601,C,T,R,X,1
9,13192202,G,A,R,X,1
9,13193235,G,A,R,X,1
9,14307409,G,A,R,X,1
9,21333466,C,T,C,Y,0
9,21333720,C,T,M,I,0
9,26910425,G,A,R,X,1
9,26962073,C,T,R,X,1
9,26978172,A,G,I,M,0
9,26978261,A,G,K,R,0
9,26984309,G,T,E,X,1
9,26990143,C,G,Q,E,1
9,27183465,A,C,Q,P,0
9,27212709,T,A,Y,N,1
9,27212709,T,C,Y,H,1
9,27212760,C,T,L,F,1
9,27212763,C,T,R,C,1
9,27229182,G,T,E,X,1
9,32457247,G,A,P,S,0
9,32480253,A,T,D,E,0
9,32526148,G,A,R,C,0
9,32984808,G,A,A,V,1
9,32987570,T,C,K,E,0
9,32987639,G,A,Q,X,1
9,34371790,A,T,F,Y,0
9,34372349,G,T,R,S,0
9,34372785,G,C,D,E,0
9,34372875,G,C,Y,X,0
9,34372933,T,A,N,I,0
9,34514500,G,A,C,Y,1
9,34647247,G,C,A,P,1
9,34649071,G,A,M,I,1
9,34649462,C,G,H,Q,1
9,34660867,C,T,R,W,0
9,35074991,C,T,W,X,1
9,35075285,C,A,E,X,1
9,35075646,C,A,E,X,1
9,35076861,G,A,Q,X,1
9,35079205,G,A,Q,X,1
9,35079211,G,A,R,X,1
9,35079515,G,A,Q,X,1
9,35091452,A,C,L,X,1
9,35546738,A,G,T,A,0
9,35806106,C,T,R,W,1
9,36222871,C,T,W,X,1
9,36229073,G,A,Q,X,1
9,37430538,C,T,S,F,1
9,37430549,G,A,V,I,0
9,37782056,G,A,R,X,1
9,69240105,C,T,Q,X,1
9,69252818,G,T,E,X,1
9,70553021,A,G,S,P,1
9,70553042,T,C,N,D,1
9,74642791,C,T,P,S,0
9,74671791,C,T,R,X,1
9,77260123,C,T,R,X,1
9,77283468,G,T,E,X,1
9,77345067,T,G,L,X,1
9,77357752,C,T,R,X,1
9,77366776,C,G,S,X,1
9,77794571,T,A,Q,H,1
9,77794571,T,G,Q,H,1
9,77922339,C,A,G,V,1
9,78240314,T,C,L,S,1
9,78248770,G,A,W,X,1
9,78262973,C,T,R,X,1
9,78328130,G,T,E,X,1
9,84710708,C,A,S,Y,0
9,84723600,C,A,P,H,0
9,84745009,C,T,T,M,0
9,91724912,G,A,R,X,1
9,91726738,G,A,R,X,1
9,91756080,T,C,H,R,0
9,92223355,T,C,K,E,0
9,92715225,C,T,D,N,0
9,92718933,C,A,G,V,0
9,92719275,C,T,R,H,0
9,92719453,G,A,R,W,0
9,92720610,C,T,R,H,0
9,92720645,C,G,Q,H,0
9,94760486,C,T,Q,X,1
9,95117327,G,A,Q,X,1
9,95135350,G,T,S,X,1
9,95149963,G,A,Q,X,1
9,95240718,C,T,W,X,1
9,95247455,C,T,W,X,1
9,95249222,G,A,Q,X,1
9,95468803,G,C,S,X,1
9,95478165,G,A,Q,X,1
9,95506416,A,G,W,R,1
9,95876046,C,A,P,Q,0
9,95928855,T,C,V,A,0
9,96244356,T,A,E,D,1
9,97687131,G,A,Q,X,1
9,98060853,G,C,E,D,0
9,98290624,T,C,H,R,0
9,98290682,C,T,V,M,0
9,98293840,T,C,T,A,0
9,98303335,G,A,T,M,0
9,99146552,G,A,D,N,1
9,100252390,C,T,R,X,1
9,100264841,G,A,W,X,1
9,100292839,G,C,R,T,0
9,101424955,C,T,W,X,1
9,101427553,G,A,Q,X,1
9,101428517,G,A,Q,X,1
9,101429824,G,C,Y,X,1
9,101430827,G,A,Q,X,1
9,104792796,T,G,E,A,0
9,104817352,T,C,E,G,0
9,104817397,C,T,S,N,0
9,104822646,G,A,T,I,0
9,105620006,G,T,E,X,1
9,105721608,C,T,A,V,0
9,105722586,G,A,W,X,1
9,106924535,C,T,P,L,0
9,106925122,A,G,M,V,0
9,106925558,C,T,P,L,0
9,106925695,G,A,A,T,0
9,106927177,A,G,M,V,0
9,106927471,C,T,P,S,0
9,106927561,C,T,R,X,1
9,106929118,A,G,I,V,0
9,108878728,T,A,K,X,1
9,108881708,C,A,E,X,1
9,108916280,C,T,W,X,1
9,108919330,C,T,W,X,1
9,114095118,C,T,V,M,1
9,114167820,G,A,V,I,0
9,114167914,A,G,Q,R,0
9,114168771,C,T,Q,X,1
9,114168819,G,A,A,T,0
9,114169165,T,C,I,T,0
9,114169386,A,T,I,F,0
9,114250657,G,A,V,M,0
9,114266610,G,T,G,X,1
9,114282563,C,T,T,M,0
9,114288717,C,T,R,X,1
9,114288718,G,A,R,Q,0
9,114406721,G,A,P,S,0
9,115026635,C,T,R,Q,0
9,115030304,C,G,E,Q,0
9,115046506,T,A,I,L,0
9,115057260,C,T,R,Q,0
9,115084301,T,C,Q,R,0
9,115086115,T,C,Q,R,0
9,115086434,C,T,D,N,0
9,115086559,C,T,R,Q,0
9,115090958,C,T,E,K,0
9,121020064,T,C,H,R,0
9,121020075,C,T,W,X,1
9,121037940,C,T,V,I,0
9,121302098,G,T,A,S,0
9,121310763,G,A,R,Q,0
9,121327357,A,G,K,R,0
9,123363039,C,A,T,N,0
9,123363085,C,A,C,X,1
9,123365932,T,C,M,T,0
9,123365974,G,C,G,A,0
9,123367322,C,T,A,V,0
9,123370506,G,C,E,Q,0
9,123371268,T,C,V,A,0
9,123372259,C,G,P,R,0
9,123373199,G,A,G,R,0
9,123373211,G,A,G,S,0
9,123373436,A,G,T,A,0
9,123373860,C,T,T,M,0
9,127462293,C,T,R,X,1
9,127658380,G,A,E,K,1
9,127661104,T,C,C,R,1
9,127663209,A,G,Y,C,1
9,127663335,C,T,P,L,1
9,127668127,T,C,L,P,1
9,127682513,G,A,C,Y,1
9,127817203,C,A,E,X,1
9,127818718,G,A,Q,X,1
9,127824351,A,G,C,R,1
9,127824435,G,A,Q,X,1
9,127825765,A,G,C,R,1
9,127825771,G,A,R,W,0
9,127825798,A,G,W,R,1
9,127829797,C,G,A,P,0
9,127829812,C,A,E,X,1
9,127843095,G,A,T,M,0
9,127843218,A,T,L,H,1
9,127936610,G,A,R,X,1
9,128176382,C,T,V,M,0
9,128323094,G,C,G,A,0
9,128325780,G,T,E,X,1
9,128348613,G,A,G,S,0
9,128574702,T,C,W,R,0
9,129098622,G,T,L,M,0
9,129814127,G,A,R,X,1
9,130458497,A,C,T,P,1
9,130480426,G,A,R,H,1
9,130494944,C,T,Q,X,1
9,130874901,G,C,E,D,0
9,130880625,G,A,V,M,0
9,130884325,T,G,S,A,0
9,130885363,G,A,G,S,0
9,130885417,A,G,I,V,0
9,131038990,A,G,Q,R,0
9,131504315,C,T,R,X,1
9,131506121,G,A,E,K,1
9,131507400,C,T,R,C,1
9,131509930,C,G,Y,X,1
9,131515505,C,T,Q,X,1
9,132264532,G,A,H,Y,0
9,132311799,G,A,R,X,1
9,132326985,C,T,R,Q,0
9,132327708,T,A,Y,F,0
9,132900741,G,A,Q,X,1
9,132905942,C,A,D,Y,0
9,132921927,G,T,Y,X,1
9,132923371,G,T,S,X,1
9,133062063,G,T,A,S,0
9,133064759,C,T,Q,X,1
9,133071003,G,C,D,H,0
9,133071235,A,G,E,G,0
9,133071237,A,G,T,A,0
9,133071240,G,C,A,P,0
9,133071330,T,G,S,A,0
9,133356301,C,T,W,X,1
9,133433454,G,A,W,X,1
9,133456150,T,C,I,T,1
9,133539798,C,T,R,C,1
9,133539799,G,T,R,L,1
9,134730317,G,A,G,R,0
9,134818743,C,T,R,X,1
9,135702335,C,T,T,I,0
9,135778780,T,A,M,K,1
9,135786396,G,A,R,Q,0
9,136430326,G,A,R,C,1
9,136430409,C,T,R,H,1
9,136431038,G,C,Y,X,1
9,137161996,G,C,V,L,0
9,137162647,A,G,M,V,1
9,137199199,G,A,P,S,0
9,137199453,G,A,P,L,0
9,137710985,G,C,E,Q,0
9,137710987,G,C,E,D,0
9,137716647,A,T,E,V,0
9,137716770,C,G,A,G,0
9,137717034,C,A,P,Q,0
9,137757991,T,A,I,N,0
9,137758006,C,T,A,V,0
9,137776685,G,A,R,Q,0
9,137776696,G,T,A,S,0
9,137777958,A,G,T,A,0
9,137790861,T,C,I,T,0
9,137800937,G,A,V,M,0
9,137817459,G,A,R,Q,0
9,137878025,G,T,G,V,0
9,137878161,C,G,F,L,0
9,138023327,G,T,A,S,0
9,138118763,A,T,T,S,0
9,138121717,G,C,Q,H,0
X,640852,G,A,R,H,1
X,1295433,C,T,Q,X,1
X,2955506,C,T,G,S,1
X,3323023,C,T,V,I,0
X,7276048,G,A,V,I,0
X,10208376,A,G,Q,R,0
X,10213975,C,T,T,M,0
X,10220876,G,A,G,R,1
X,10449537,T,C,N,S,0
X,10449579,G,A,A,V,0
X,10454912,C,G,S,T,0
X,12716531,G,T,G,V,0
X,12716702,C,G,A,G,0
X,12888602,G,A,A,T,0
X,13744453,C,T,H,Y,0
X,13746913,G,A,R,Q,0
X,13756627,A,G,N,S,0
X,13756756,G,A,R,H,0
X,13757708,G,A,R,Q,0
X,13760577,C,T,T,I,0
X,13768781,G,A,E,K,0
X,14845231,A,T,F,I,0
X,15321558,T,C,Y,C,0
X,15321609,A,G,I,T,1
X,15324867,A,G,V,A,1
X,15852413,C,T,V,I,0
X,17725577,G,A,D,N,0
X,17725592,C,A,P,T,0
X,17725854,G,A,R,H,0
X,17726202,C,T,A,V,0
X,17726225,G,T,A,S,0
X,17726769,T,C,M,T,0
X,18510835,T,C,V,A,1
X,18584268,G,C,A,P,1
X,18584326,G,A,W,X,1
X,18584329,A,G,Y,C,1
X,18584331,C,G,R,G,1
X,18588004,G,A,G,E,1
X,18595364,A,G,H,R,0
X,18598604,T,A,L,X,1
X,18642023,C,T,C,Y,1
X,18644491,T,C,Q,R,1
X,18647309,C,A,G,C,1
X,18656734,G,A,Q,X,1
X,18908019,C,T,G,R,0
X,18910952,T,C,M,V,0
X,18951263,C,T,V,M,0
X,18983932,T,C,M,V,1
X,19349945,C,G,D,E,0
X,19349953,G,A,R,Q,0
X,19355713,C,T,R,X,1
X,19542043,C,T,G,S,0
X,20175172,T,C,I,V,0
X,21531962,C,T,R,X,1
X,21843213,A,G,N,S,0
X,21878668,C,T,H,Y,0
X,21978916,C,T,R,X,1
X,22033087,G,A,G,S,0
X,22094074,T,C,L,P,1
X,22099118,A,G,D,G,1
X,22133529,G,T,E,X,1
X,22178349,G,A,W,X,1
X,22221623,T,A,Y,X,1
X,22227511,A,G,Y,C,1
X,23000457,A,G,I,V,0
X,23335078,A,G,N,S,0
X,23703928,G,A,A,V,0
X,24714667,G,T,D,Y,0
X,24717594,C,T,P,L,0
X,24717683,G,A,V,I,0
X,24727044,C,T,P,S,0
X,24739417,A,G,M,V,0
X,24741425,A,G,K,R,0
X,24841661,C,T,P,L,0
X,24841772,A,G,K,R,0
X,24843655,G,A,R,H,0
X,24995894,G,A,G,S,0
X,25013001,G,C,R,G,1
X,25015601,G,T,A,D,0
X,25015724,T,A,Y,F,0
X,27980776,G,A,R,C,0
X,30304582,T,C,I,M,0
X,30308895,G,A,H,Y,0
X,31147484,G,A,Q,X,1
X,31178732,G,A,A,V,0
X,31223097,G,T,S,X,1
X,31444600,T,A,K,X,1
X,31496844,G,A,Q,X,1
X,31496856,C,A,E,X,1
X,31496919,G,A,Q,X,1
X,31507431,G,C,A,G,0
X,31627684,T,A,K,X,1
X,31658140,A,G,L,S,0
X,31875211,G,A,Q,X,1
X,31929640,T,A,K,X,1
X,32287529,C,A,G,V,1
X,32346053,C,A,E,X,1
X,32348426,C,A,E,X,1
X,32389520,G,T,S,X,1
X,32389563,G,A,P,S,0
X,32389674,T,A,K,X,1
X,32390144,A,T,L,X,1
X,32441212,C,A,G,C,0
X,32441251,C,A,E,X,1
X,32454709,C,A,E,X,1
X,32454754,C,A,E,X,1
X,32454769,G,C,L,V,0
X,32464678,T,A,K,X,1
X,32468500,G,A,Q,X,1
X,32468686,G,A,Q,X,1
X,32485053,A,C,L,X,1
X,32485092,A,C,V,G,0
X,32491315,C,A,E,X,1
X,32565766,C,T,W,X,1
X,32573600,G,A,A,V,0
X,32614410,C,A,E,X,1
X,32644196,G,A,Q,X,1
X,32644262,G,A,Q,X,1
X,32697971,C,A,E,X,1
X,32809511,T,A,K,X,1
X,32823298,C,T,W,X,1
X,32844839,T,A,R,X,1
X,32849811,G,A,Q,X,1
X,37727791,C,T,R,X,1
X,38285815,C,A,E,X,1
X,38286034,C,A,E,X,1
X,38286191,T,A,E,D,0
X,38286270,C,T,G,E,0
X,38286355,C,A,E,X,1
X,38286508,C,A,E,X,1
X,38286742,C,A,G,X,1
X,38286781,C,A,E,X,1
X,38286928,C,A,E,X,1
X,38286942,A,T,M,K,0
X,38290970,G,A,Q,X,1
X,38290997,C,A,E,X,1
X,38298981,G,T,S,X,1
X,38299038,G,A,A,V,0
X,38318868,G,A,Q,X,1
X,38318904,C,T,V,I,0
X,38318978,T,C,N,S,0
X,38322904,G,A,Q,X,1
X,38401373,G,C,G,A,1
X,40054310,G,A,R,C,0
X,40064489,C,T,A,T,0
X,40075104,C,T,G,E,0
X,41131518,A,G,I,V,0
X,41162812,A,C,Q,H,0
X,41170588,A,G,N,S,0
X,41216491,C,G,T,S,0
X,41218416,G,A,R,H,1
X,41232466,C,T,A,V,0
X,41334255,G,A,M,I,1
X,41341502,G,A,S,N,0
X,41341513,A,G,S,G,0
X,41341565,C,A,S,X,1
X,41344105,C,T,Q,X,1
X,41346328,A,G,H,R,1
X,41346544,G,C,V,L,1
X,41346936,C,T,Q,X,1
X,41346971,T,G,Y,X,1
X,41347348,C,G,Y,X,1
X,45063686,A,G,I,V,0
X,45063755,C,T,R,C,0
X,45069628,G,A,R,Q,0
X,45069877,C,T,T,I,0
X,45069986,T,A,N,K,0
X,46651130,T,C,I,V,0
X,46853823,G,A,W,X,1
X,46854058,C,T,Q,X,1
X,47142394,G,A,R,X,1
X,47171100,G,A,G,S,0
X,47182267,G,C,A,P,0
X,47199285,G,A,V,M,0
X,47205982,G,A,R,H,0
X,47211210,G,A,A,T,0
X,47605052,G,A,R,X,1
X,47629630,C,T,G,S,0
X,48481715,G,A,D,N,1
X,48512599,G,A,W,X,1
X,48512716,G,A,R,H,0
X,48514247,C,T,R,X,1
X,48517195,C,T,R,X,1
X,48523925,C,T,R,C,0
X,48523955,C,T,R,W,1
X,48524064,C,T,S,F,1
X,48684342,G,A,W,X,1
X,48685952,G,A,R,H,0
X,48686945,A,T,S,C,0
X,48688391,T,C,I,T,1
X,48688669,C,T,P,L,0
X,48765961,A,G,M,V,0
X,48904764,G,A,T,M,0
X,48904867,T,C,I,V,0
X,48904894,T,C,S,G,0
X,49039291,C,T,R,Q,1
X,49075168,C,T,R,H,0
X,49076736,C,T,D,N,0
X,49077867,C,T,V,M,0
X,49078094,A,G,M,T,1
X,49217915,C,T,G,R,1
X,49226014,T,C,K,E,0
X,49231680,C,G,W,C,0
X,49251352,G,T,N,K,0
X,49254010,C,T,V,I,0
X,49258382,C,T,G,R,0
X,49880413,C,T,Q,X,1
X,50081710,A,G,I,V,0
X,50088803,G,A,V,I,0
X,50634532,C,A,R,I,0
X,53196759,G,A,Q,X,1
X,53198884,G,A,R,W,1
X,53201570,G,A,R,X,1
X,53214817,G,A,R,X,1
X,53235145,G,A,P,S,0
X,53236340,G,A,R,X,1
X,53238259,G,A,R,X,1
X,53251078,C,G,E,Q,0
X,53382646,G,A,R,X,1
X,53405076,C,T,R,Q,1
X,53405648,G,A,R,W,1
X,53547799,G,C,P,A,0
X,53547850,T,C,T,A,0
X,53548234,T,C,T,A,0
X,53552840,T,A,S,C,0
X,53575686,C,T,R,H,0
X,53604695,T,C,N,S,0
X,54446266,C,T,R,Q,0
X,54470715,G,A,P,L,0
X,55014830,G,T,R,S,1
X,55021182,G,A,R,C,1
X,55021202,C,T,R,H,1
X,55025954,C,T,R,Q,0
X,57908154,C,T,S,N,0
X,57908170,C,T,A,T,0
X,63655546,C,T,W,X,1
X,63674093,C,T,R,H,1
X,64190231,T,C,Q,R,0
X,64190462,C,T,R,Q,0
X,64190853,C,T,A,T,0
X,64191485,C,T,R,Q,0
X,64191815,C,T,R,H,0
X,64191944,A,G,L,P,0
X,64192542,C,T,A,T,0
X,64193171,C,A,G,V,0
X,64976359,T,C,I,V,0
X,67545316,T,A,L,Q,0
X,67545321,C,T,Q,X,1
X,67546209,G,T,E,X,1
X,67711686,C,T,P,S,1
X,67717501,G,A,D,N,1
X,67717541,T,C,M,T,1
X,67723788,G,T,V,L,1
X,68063877,C,T,R,Q,0
X,70027950,G,A,G,E,1
X,70035500,C,A,A,D,1
X,70035526,G,A,V,M,1
X,70425777,G,A,R,H,0
X,70554698,A,G,V,A,0
X,71107869,C,T,S,N,0
X,71108344,G,A,T,M,0
X,71121746,C,A,T,N,0
X,71123714,A,G,M,V,0
X,71125090,G,T,V,F,0
X,71125435,A,G,I,V,0
X,71126042,A,C,E,A,0
X,71129384,G,A,V,M,1
X,71131572,G,A,R,H,1
X,71137211,G,A,R,H,0
X,71137618,G,A,G,S,0
X,71137772,G,C,G,A,0
X,71137880,G,A,R,Q,0
X,71223751,G,C,R,P,1
X,71223994,C,G,A,G,1
X,71377730,G,C,C,S,0
X,71381833,A,G,N,S,0
X,71381862,C,T,R,W,0
X,71383144,C,T,H,Y,0
X,71408062,G,A,R,H,1
X,71454214,G,A,V,I,0
X,71459556,G,C,G,A,0
X,71460694,C,T,R,C,0
X,71603931,G,C,K,N,0
X,72351739,T,C,I,V,0
X,74421660,G,A,S,N,0
X,74529264,C,T,R,W,0
X,74529265,G,A,R,Q,0
X,74529312,G,A,D,N,1
X,74531363,A,G,H,R,0
X,74591972,C,T,G,D,0
X,74739463,G,T,T,N,0
X,74740514,T,C,H,R,0
X,74740731,G,C,Q,E,0
X,74741078,T,C,N,S,0
X,74741148,G,A,Q,X,1
X,74741591,C,T,R,Q,0
X,74743385,T,C,E,G,0
X,77520877,C,T,A,T,0
X,77574323,G,A,R,C,1
X,77600540,C,A,G,V,0
X,77616639,T,C,Y,C,1
X,77618973,T,C,M,V,1
X,77654165,C,T,R,Q,0
X,77664681,T,C,T,A,0
X,77682103,A,C,D,E,0
X,77682244,T,G,K,N,0
X,77682503,G,A,T,I,0
X,77682604,C,G,E,D,0
X,77682726,T,C,T,A,0
X,77683047,T,C,I,V,0
X,77683826,T,C,N,S,0
X,77989874,A,T,T,S,0
X,77989911,C,T,T,M,0
X,77998540,A,G,T,A,0
X,78003084,A,G,I,V,0
X,78011531,C,G,H,D,0
X,78011581,C,G,I,M,0
X,78011613,A,G,Q,R,0
X,78020274,G,A,G,D,0
X,78117312,G,A,V,I,0
X,80682628,T,G,I,L,0
X,80707437,T,C,S,G,0
X,85956253,T,A,K,X,1
X,85956368,C,G,E,D,0
X,85957939,G,A,Q,X,1
X,85963930,A,C,L,X,1
X,86047504,T,C,D,G,0
X,100342023,C,A,E,X,1
X,100406811,T,C,D,G,1
X,100406917,G,A,P,S,1
X,100407567,G,C,P,R,1
X,100407788,G,C,N,K,1
X,100407937,T,A,T,S,0
X,100408135,C,G,D,H,1
X,101346542,G,A,T,I,0
X,101397864,G,A,T,I,1
X,101398053,C,T,W,X,1
X,101398386,C,A,G,V,1
X,101398386,C,T,G,E,1
X,101398481,C,A,M,I,1
X,101398557,C,A,G,V,1
X,101398912,T,C,H,R,1
X,101398915,T,C,N,S,1
X,101400694,C,T,W,X,1
X,101400746,T,C,M,V,1
X,101401664,C,T,C,Y,1
X,101401667,C,T,G,D,1
X,101401668,C,T,G,S,1
X,101401693,C,T,W,X,1
X,101401753,G,T,C,X,1
X,101401800,T,A,K,X,1
X,101407737,C,T,C,Y,1
X,101407795,C,T,A,T,1
X,101407857,A,G,L,P,1
X,101407901,C,T,M,I,1
X,101407903,T,C,M,V,1
X,101412328,C,T,R,W,1
X,103786715,C,T,H,Y,1
X,103788461,C,T,P,L,1
X,106865871,G,A,E,K,0
X,106870766,C,T,L,F,0
X,107639422,C,T,R,W,1
X,107640978,A,T,D,V,1
X,108163035,G,A,S,F,0
X,108175677,C,T,R,H,0
X,108187125,G,A,P,L,0
X,108559082,G,C,G,R,1
X,108577979,G,C,G,R,1
X,108580551,G,C,G,R,1
X,108580570,G,A,G,E,1
X,108580713,G,A,G,D,1
X,108580721,G,A,G,R,1
X,108581010,G,A,G,S,1
X,108584494,G,A,G,D,1
X,108586675,G,A,G,R,1
X,108591127,G,A,G,E,1
X,108595554,C,T,S,L,0
X,108597006,G,C,G,R,1
X,108597024,G,A,G,R,1
X,108597027,G,C,E,Q,0
X,108597516,G,A,G,D,1
X,108598793,G,T,G,V,1
X,108601423,C,T,T,I,0
X,108601930,G,A,G,D,1
X,108601947,G,C,G,R,1
X,108615016,G,T,G,V,1
X,108622702,G,A,G,R,1
X,108622741,G,T,E,X,1
X,108624292,C,T,Q,X,1
X,108624316,G,A,G,R,1
X,108626210,G,A,G,E,1
X,108655395,G,A,G,D,1
X,108655430,G,A,G,R,1
X,108665578,G,C,G,R,1
X,108666552,C,T,Q,X,1
X,108668426,G,A,G,S,1
X,108677541,G,T,G,X,1
X,108677589,G,A,G,S,1
X,108677598,G,T,G,C,1
X,108680944,A,G,I,V,0
X,108686061,G,A,R,H,0
X,108687482,G,A,G,D,1
X,108687491,G,A,G,D,1
X,108696353,G,A,C,Y,1
X,109624924,G,A,P,S,0
X,111163632,C,A,S,Y,0
X,111163668,A,G,N,S,0
X,111194374,G,T,E,X,1
X,111330942,C,T,R,Q,0
X,111681297,C,G,Q,E,0
X,111708184,A,G,T,A,0
X,115640441,A,G,I,V,0
X,119837858,G,A,R,W,0
X,119837939,G,A,R,C,0
X,119837942,G,A,R,C,0
X,119870851,C,T,D,N,0
X,123326104,T,C,I,T,0
X,123403093,C,T,R,X,1
X,123885808,G,A,R,Q,0
X,123885970,C,T,T,M,0
X,123891269,G,T,E,X,1
X,123892770,A,G,I,V,0
X,124095446,A,T,E,D,0
X,124346644,T,C,M,T,1
X,129544990,A,G,H,R,0
X,129557370,G,A,R,H,0
X,129562397,G,A,R,H,1
X,129562726,C,T,A,V,0
X,129576424,C,T,R,X,1
X,129576520,C,T,R,X,1
X,129810991,G,A,R,X,1
X,131274800,G,A,R,X,1
X,131275155,G,A,P,S,0
X,131283174,T,C,Y,C,0
X,132085646,C,T,A,T,1
X,132097281,C,T,R,Q,0
X,132127798,A,G,F,S,1
X,133303309,G,A,A,V,0
X,133304844,C,A,E,D,0
X,133324210,C,A,V,L,0
X,133536201,C,G,G,R,1
X,134498409,C,G,P,A,0
X,136044546,C,T,P,L,0
X,136650377,C,T,Q,X,1
X,136659107,C,T,Q,X,1
X,137567430,A,G,I,V,0
X,137570008,G,A,V,I,0
X,139537156,G,A,E,K,1
X,141906638,A,G,M,V,0
X,148885956,A,G,T,A,0
X,149482831,T,C,Y,C,1
X,149482838,C,T,E,K,1
X,149482894,C,T,W,X,1
X,149482960,G,A,P,L,1
X,149490412,G,A,S,F,1
X,149498123,G,C,P,R,1
X,149498132,G,A,P,L,1
X,149503377,G,A,T,I,1
X,149503473,G,C,P,R,1
X,149503489,G,A,Q,X,1
X,149504158,T,C,Q,R,1
X,150470864,C,T,L,F,0
X,150471272,C,T,P,S,0
X,151717293,G,A,R,Q,0
X,151924377,C,G,T,S,0
X,152850392,G,A,R,Q,0
X,153505256,A,G,K,R,0
X,153505332,G,C,K,N,0
X,153505924,G,A,R,Q,0
X,153553132,G,A,D,N,0
X,153599046,C,A,G,W,0
X,153691416,G,A,W,X,1
X,153691528,C,T,R,W,1
X,153691543,G,T,E,X,1
X,153693932,C,T,P,L,1
X,153693973,G,C,A,P,1
X,153694372,A,G,D,G,1
X,153694407,C,T,Q,X,1
X,153694591,G,A,W,X,1
X,153694768,A,C,N,T,0
X,153695176,G,A,E,K,0
X,153695191,G,A,V,I,0
X,153725295,G,A,W,X,1
X,153725556,A,G,H,R,1
X,153725576,C,T,R,C,1
X,153725589,C,T,S,L,1
X,153725604,G,C,R,P,1
X,153725721,G,C,R,P,1
X,153725753,C,G,R,G,1
X,153726051,C,G,S,W,1
X,153726139,G,C,E,D,1
X,153729262,C,T,Q,X,1
X,153740132,G,A,G,D,1
X,153740150,T,C,L,P,1
X,153740652,C,G,Y,X,1
X,153740719,G,A,G,S,1
X,153742991,G,A,W,X,1
X,153862727,G,A,A,V,0
X,153862766,G,A,S,L,1
X,153865347,G,A,R,X,1
X,153867388,G,A,P,L,0
X,153869526,C,T,V,I,0
X,153872161,T,C,M,V,0
X,153906110,C,T,R,C,1
X,153906173,G,A,A,T,0
X,153954680,G,A,A,V,0
X,154030512,G,A,A,V,0
X,154030561,A,G,S,P,0
X,154030629,G,A,T,I,0
X,154030947,C,T,R,Q,0
X,154031191,G,C,L,V,0
X,154031302,G,A,P,S,0
X,154031357,G,T,F,L,1
X,154032428,G,C,H,Q,0
X,154097663,C,T,M,I,1
X,154349697,C,T,G,S,0
X,154351944,T,G,I,L,0
X,154353587,C,T,V,I,0
X,154354174,C,T,R,H,0
X,154355061,C,T,G,S,0
X,154358464,C,T,D,N,0
X,154359776,C,T,R,H,0
X,154361562,C,T,V,I,0
X,154364929,A,G,C,R,0
X,154366125,C,T,R,H,0
X,154366417,G,T,Y,X,1
X,154371124,C,T,W,X,1
X,154412129,C,A,Y,X,1
X,154412212,G,A,W,X,1
X,154429051,C,G,D,E,0
X,154429112,A,G,T,A,0
X,154532258,G,A,R,C,1
X,154532270,G,C,R,G,1
X,154532389,C,G,R,P,1
X,154532668,G,C,P,A,1
X,154532677,G,A,R,C,1
X,154532989,G,T,A,D,1
X,154533605,T,A,T,S,1
X,154534371,C,T,G,D,1
X,154534485,C,T,R,H,1
X,154535244,G,A,L,F,1
X,154535247,G,A,R,C,1
X,154535940,G,C,F,L,0
X,154536147,G,A,T,I,1
X,154863214,T,C,N,S,1
X,154906491,G,A,R,C,1
X,154947763,T,C,Y,C,1
X,154947901,T,C,N,S,1
